filepath,true_label
C:\Users\rayen\ias_hack_main\models\04_acoustic_classifier\project\data\valve\id_06\normal\00000718.wav,normal
C:\Users\rayen\ias_hack_main\models\04_acoustic_classifier\project\data\valve\id_06\normal\00000846.wav,normal
C:\Users\rayen\ias_hack_main\models\04_acoustic_classifier\project\data\valve\id_06\normal\00000775.wav,normal
C:\Users\rayen\ias_hack_main\models\04_acoustic_classifier\project\data\valve\id_06\normal\00000536.wav,normal
C:\Users\rayen\ias_hack_main\models\04_acoustic_classifier\project\data\valve\id_06\normal\00000548.wav,normal
C:\Users\rayen\ias_hack_main\models\04_acoustic_classifier\project\data\valve\id_06\normal\00000225.wav,normal
C:\Users\rayen\ias_hack_main\models\04_acoustic_classifier\project\data\valve\id_06\normal\00000470.wav,normal
C:\Users\rayen\ias_hack_main\models\04_acoustic_classifier\project\data\valve\id_06\normal\00000837.wav,normal
C:\Users\rayen\ias_hack_main\models\04_acoustic_classifier\project\data\valve\id_06\normal\00000360.wav,normal
C:\Users\rayen\ias_hack_main\models\04_acoustic_classifier\project\data\valve\id_06\normal\00000961.wav,normal
C:\Users\rayen\ias_hack_main\models\04_acoustic_classifier\project\data\valve\id_06\normal\00000967.wav,normal
C:\Users\rayen\ias_hack_main\models\04_acoustic_classifier\project\data\valve\id_06\normal\00000959.wav,normal
C:\Users\rayen\ias_hack_main\models\04_acoustic_classifier\project\data\valve\id_06\normal\00000604.wav,normal
C:\Users\rayen\ias_hack_main\models\04_acoustic_classifier\project\data\valve\id_06\normal\00000861.wav,normal
C:\Users\rayen\ias_hack_main\models\04_acoustic_classifier\project\data\valve\id_06\normal\00000220.wav,normal
C:\Users\rayen\ias_hack_main\models\04_acoustic_classifier\project\data\valve\id_06\normal\00000941.wav,normal
C:\Users\rayen\ias_hack_main\models\04_acoustic_classifier\project\data\valve\id_06\normal\00000231.wav,normal
C:\Users\rayen\ias_hack_main\models\04_acoustic_classifier\project\data\valve\id_06\normal\00000780.wav,normal
C:\Users\rayen\ias_hack_main\models\04_acoustic_classifier\project\data\valve\id_06\normal\00000138.wav,normal
C:\Users\rayen\ias_hack_main\models\04_acoustic_classifier\project\data\valve\id_06\normal\00000825.wav,normal
C:\Users\rayen\ias_hack_main\models\04_acoustic_classifier\project\data\valve\id_06\normal\00000421.wav,normal
C:\Users\rayen\ias_hack_main\models\04_acoustic_classifier\project\data\valve\id_06\normal\00000732.wav,normal
C:\Users\rayen\ias_hack_main\models\04_acoustic_classifier\project\data\valve\id_06\normal\00000738.wav,normal
C:\Users\rayen\ias_hack_main\models\04_acoustic_classifier\project\data\valve\id_06\normal\00000290.wav,normal
C:\Users\rayen\ias_hack_main\models\04_acoustic_classifier\project\data\valve\id_06\normal\00000485.wav,normal
C:\Users\rayen\ias_hack_main\models\04_acoustic_classifier\project\data\valve\id_06\normal\00000988.wav,normal
C:\Users\rayen\ias_hack_main\models\04_acoustic_classifier\project\data\valve\id_06\normal\00000629.wav,normal
C:\Users\rayen\ias_hack_main\models\04_acoustic_classifier\project\data\valve\id_06\normal\00000388.wav,normal
C:\Users\rayen\ias_hack_main\models\04_acoustic_classifier\project\data\valve\id_06\normal\00000246.wav,normal
C:\Users\rayen\ias_hack_main\models\04_acoustic_classifier\project\data\valve\id_06\normal\00000831.wav,normal
C:\Users\rayen\ias_hack_main\models\04_acoustic_classifier\project\data\valve\id_06\normal\00000039.wav,normal
C:\Users\rayen\ias_hack_main\models\04_acoustic_classifier\project\data\valve\id_06\normal\00000863.wav,normal
C:\Users\rayen\ias_hack_main\models\04_acoustic_classifier\project\data\valve\id_06\normal\00000531.wav,normal
C:\Users\rayen\ias_hack_main\models\04_acoustic_classifier\project\data\valve\id_06\normal\00000295.wav,normal
C:\Users\rayen\ias_hack_main\models\04_acoustic_classifier\project\data\valve\id_06\normal\00000787.wav,normal
C:\Users\rayen\ias_hack_main\models\04_acoustic_classifier\project\data\valve\id_06\normal\00000432.wav,normal
C:\Users\rayen\ias_hack_main\models\04_acoustic_classifier\project\data\valve\id_06\normal\00000803.wav,normal
C:\Users\rayen\ias_hack_main\models\04_acoustic_classifier\project\data\valve\id_06\normal\00000167.wav,normal
C:\Users\rayen\ias_hack_main\models\04_acoustic_classifier\project\data\valve\id_06\normal\00000586.wav,normal
C:\Users\rayen\ias_hack_main\models\04_acoustic_classifier\project\data\valve\id_06\normal\00000616.wav,normal
C:\Users\rayen\ias_hack_main\models\04_acoustic_classifier\project\data\valve\id_06\normal\00000724.wav,normal
C:\Users\rayen\ias_hack_main\models\04_acoustic_classifier\project\data\valve\id_06\normal\00000334.wav,normal
C:\Users\rayen\ias_hack_main\models\04_acoustic_classifier\project\data\valve\id_06\normal\00000705.wav,normal
C:\Users\rayen\ias_hack_main\models\04_acoustic_classifier\project\data\valve\id_06\normal\00000709.wav,normal
C:\Users\rayen\ias_hack_main\models\04_acoustic_classifier\project\data\valve\id_06\normal\00000639.wav,normal
C:\Users\rayen\ias_hack_main\models\04_acoustic_classifier\project\data\valve\id_06\normal\00000728.wav,normal
C:\Users\rayen\ias_hack_main\models\04_acoustic_classifier\project\data\valve\id_06\normal\00000431.wav,normal
C:\Users\rayen\ias_hack_main\models\04_acoustic_classifier\project\data\valve\id_06\normal\00000873.wav,normal
C:\Users\rayen\ias_hack_main\models\04_acoustic_classifier\project\data\valve\id_06\normal\00000176.wav,normal
C:\Users\rayen\ias_hack_main\models\04_acoustic_classifier\project\data\valve\id_06\normal\00000603.wav,normal
C:\Users\rayen\ias_hack_main\models\04_acoustic_classifier\project\data\valve\id_06\normal\00000917.wav,normal
C:\Users\rayen\ias_hack_main\models\04_acoustic_classifier\project\data\valve\id_06\normal\00000826.wav,normal
C:\Users\rayen\ias_hack_main\models\04_acoustic_classifier\project\data\valve\id_06\normal\00000311.wav,normal
C:\Users\rayen\ias_hack_main\models\04_acoustic_classifier\project\data\valve\id_06\normal\00000227.wav,normal
C:\Users\rayen\ias_hack_main\models\04_acoustic_classifier\project\data\valve\id_06\normal\00000600.wav,normal
C:\Users\rayen\ias_hack_main\models\04_acoustic_classifier\project\data\valve\id_06\normal\00000382.wav,normal
C:\Users\rayen\ias_hack_main\models\04_acoustic_classifier\project\data\valve\id_06\normal\00000529.wav,normal
C:\Users\rayen\ias_hack_main\models\04_acoustic_classifier\project\data\valve\id_06\normal\00000150.wav,normal
C:\Users\rayen\ias_hack_main\models\04_acoustic_classifier\project\data\valve\id_06\normal\00000637.wav,normal
C:\Users\rayen\ias_hack_main\models\04_acoustic_classifier\project\data\valve\id_06\normal\00000436.wav,normal
C:\Users\rayen\ias_hack_main\models\04_acoustic_classifier\project\data\valve\id_06\normal\00000309.wav,normal
C:\Users\rayen\ias_hack_main\models\04_acoustic_classifier\project\data\valve\id_06\normal\00000060.wav,normal
C:\Users\rayen\ias_hack_main\models\04_acoustic_classifier\project\data\valve\id_06\normal\00000280.wav,normal
C:\Users\rayen\ias_hack_main\models\04_acoustic_classifier\project\data\valve\id_06\normal\00000410.wav,normal
C:\Users\rayen\ias_hack_main\models\04_acoustic_classifier\project\data\valve\id_06\normal\00000540.wav,normal
C:\Users\rayen\ias_hack_main\models\04_acoustic_classifier\project\data\valve\id_06\normal\00000154.wav,normal
C:\Users\rayen\ias_hack_main\models\04_acoustic_classifier\project\data\valve\id_06\normal\00000461.wav,normal
C:\Users\rayen\ias_hack_main\models\04_acoustic_classifier\project\data\valve\id_06\normal\00000370.wav,normal
C:\Users\rayen\ias_hack_main\models\04_acoustic_classifier\project\data\valve\id_06\normal\00000522.wav,normal
C:\Users\rayen\ias_hack_main\models\04_acoustic_classifier\project\data\valve\id_06\normal\00000883.wav,normal
C:\Users\rayen\ias_hack_main\models\04_acoustic_classifier\project\data\valve\id_06\normal\00000655.wav,normal
C:\Users\rayen\ias_hack_main\models\04_acoustic_classifier\project\data\valve\id_06\normal\00000491.wav,normal
C:\Users\rayen\ias_hack_main\models\04_acoustic_classifier\project\data\valve\id_06\normal\00000126.wav,normal
C:\Users\rayen\ias_hack_main\models\04_acoustic_classifier\project\data\valve\id_06\normal\00000276.wav,normal
C:\Users\rayen\ias_hack_main\models\04_acoustic_classifier\project\data\valve\id_06\normal\00000969.wav,normal
C:\Users\rayen\ias_hack_main\models\04_acoustic_classifier\project\data\valve\id_06\normal\00000466.wav,normal
C:\Users\rayen\ias_hack_main\models\04_acoustic_classifier\project\data\valve\id_06\normal\00000261.wav,normal
C:\Users\rayen\ias_hack_main\models\04_acoustic_classifier\project\data\valve\id_06\normal\00000300.wav,normal
C:\Users\rayen\ias_hack_main\models\04_acoustic_classifier\project\data\valve\id_06\normal\00000983.wav,normal
C:\Users\rayen\ias_hack_main\models\04_acoustic_classifier\project\data\valve\id_06\normal\00000301.wav,normal
C:\Users\rayen\ias_hack_main\models\04_acoustic_classifier\project\data\valve\id_06\normal\00000904.wav,normal
C:\Users\rayen\ias_hack_main\models\04_acoustic_classifier\project\data\valve\id_06\normal\00000019.wav,normal
C:\Users\rayen\ias_hack_main\models\04_acoustic_classifier\project\data\valve\id_06\normal\00000177.wav,normal
C:\Users\rayen\ias_hack_main\models\04_acoustic_classifier\project\data\valve\id_06\normal\00000212.wav,normal
C:\Users\rayen\ias_hack_main\models\04_acoustic_classifier\project\data\valve\id_06\normal\00000298.wav,normal
C:\Users\rayen\ias_hack_main\models\04_acoustic_classifier\project\data\valve\id_06\normal\00000646.wav,normal
C:\Users\rayen\ias_hack_main\models\04_acoustic_classifier\project\data\valve\id_06\normal\00000008.wav,normal
C:\Users\rayen\ias_hack_main\models\04_acoustic_classifier\project\data\valve\id_06\normal\00000063.wav,normal
C:\Users\rayen\ias_hack_main\models\04_acoustic_classifier\project\data\valve\id_06\normal\00000211.wav,normal
C:\Users\rayen\ias_hack_main\models\04_acoustic_classifier\project\data\valve\id_06\normal\00000147.wav,normal
C:\Users\rayen\ias_hack_main\models\04_acoustic_classifier\project\data\valve\id_06\normal\00000091.wav,normal
C:\Users\rayen\ias_hack_main\models\04_acoustic_classifier\project\data\valve\id_06\normal\00000075.wav,normal
C:\Users\rayen\ias_hack_main\models\04_acoustic_classifier\project\data\valve\id_06\normal\00000589.wav,normal
C:\Users\rayen\ias_hack_main\models\04_acoustic_classifier\project\data\valve\id_06\normal\00000512.wav,normal
C:\Users\rayen\ias_hack_main\models\04_acoustic_classifier\project\data\valve\id_06\normal\00000750.wav,normal
C:\Users\rayen\ias_hack_main\models\04_acoustic_classifier\project\data\valve\id_06\normal\00000962.wav,normal
C:\Users\rayen\ias_hack_main\models\04_acoustic_classifier\project\data\valve\id_06\normal\00000607.wav,normal
C:\Users\rayen\ias_hack_main\models\04_acoustic_classifier\project\data\valve\id_06\normal\00000601.wav,normal
C:\Users\rayen\ias_hack_main\models\04_acoustic_classifier\project\data\valve\id_06\normal\00000061.wav,normal
C:\Users\rayen\ias_hack_main\models\04_acoustic_classifier\project\data\valve\id_06\normal\00000131.wav,normal
C:\Users\rayen\ias_hack_main\models\04_acoustic_classifier\project\data\valve\id_06\normal\00000362.wav,normal
C:\Users\rayen\ias_hack_main\models\04_acoustic_classifier\project\data\valve\id_06\normal\00000412.wav,normal
C:\Users\rayen\ias_hack_main\models\04_acoustic_classifier\project\data\valve\id_06\normal\00000568.wav,normal
C:\Users\rayen\ias_hack_main\models\04_acoustic_classifier\project\data\valve\id_06\normal\00000040.wav,normal
C:\Users\rayen\ias_hack_main\models\04_acoustic_classifier\project\data\valve\id_06\normal\00000609.wav,normal
C:\Users\rayen\ias_hack_main\models\04_acoustic_classifier\project\data\valve\id_06\normal\00000767.wav,normal
C:\Users\rayen\ias_hack_main\models\04_acoustic_classifier\project\data\valve\id_06\normal\00000786.wav,normal
C:\Users\rayen\ias_hack_main\models\04_acoustic_classifier\project\data\valve\id_06\normal\00000322.wav,normal
C:\Users\rayen\ias_hack_main\models\04_acoustic_classifier\project\data\valve\id_06\normal\00000064.wav,normal
C:\Users\rayen\ias_hack_main\models\04_acoustic_classifier\project\data\valve\id_06\normal\00000022.wav,normal
C:\Users\rayen\ias_hack_main\models\04_acoustic_classifier\project\data\valve\id_06\normal\00000940.wav,normal
C:\Users\rayen\ias_hack_main\models\04_acoustic_classifier\project\data\valve\id_06\normal\00000804.wav,normal
C:\Users\rayen\ias_hack_main\models\04_acoustic_classifier\project\data\valve\id_06\normal\00000743.wav,normal
C:\Users\rayen\ias_hack_main\models\04_acoustic_classifier\project\data\valve\id_06\normal\00000108.wav,normal
C:\Users\rayen\ias_hack_main\models\04_acoustic_classifier\project\data\valve\id_06\normal\00000593.wav,normal
C:\Users\rayen\ias_hack_main\models\04_acoustic_classifier\project\data\valve\id_06\normal\00000702.wav,normal
C:\Users\rayen\ias_hack_main\models\04_acoustic_classifier\project\data\valve\id_06\normal\00000489.wav,normal
C:\Users\rayen\ias_hack_main\models\04_acoustic_classifier\project\data\valve\id_06\normal\00000878.wav,normal
C:\Users\rayen\ias_hack_main\models\04_acoustic_classifier\project\data\valve\id_06\normal\00000783.wav,normal
C:\Users\rayen\ias_hack_main\models\04_acoustic_classifier\project\data\valve\id_06\normal\00000899.wav,normal
C:\Users\rayen\ias_hack_main\models\04_acoustic_classifier\project\data\valve\id_06\normal\00000397.wav,normal
C:\Users\rayen\ias_hack_main\models\04_acoustic_classifier\project\data\valve\id_06\normal\00000854.wav,normal
C:\Users\rayen\ias_hack_main\models\04_acoustic_classifier\project\data\valve\id_06\normal\00000028.wav,normal
C:\Users\rayen\ias_hack_main\models\04_acoustic_classifier\project\data\valve\id_06\normal\00000795.wav,normal
C:\Users\rayen\ias_hack_main\models\04_acoustic_classifier\project\data\valve\id_06\normal\00000257.wav,normal
C:\Users\rayen\ias_hack_main\models\04_acoustic_classifier\project\data\valve\id_06\normal\00000328.wav,normal
C:\Users\rayen\ias_hack_main\models\04_acoustic_classifier\project\data\valve\id_06\normal\00000344.wav,normal
C:\Users\rayen\ias_hack_main\models\04_acoustic_classifier\project\data\valve\id_06\normal\00000400.wav,normal
C:\Users\rayen\ias_hack_main\models\04_acoustic_classifier\project\data\valve\id_06\normal\00000509.wav,normal
C:\Users\rayen\ias_hack_main\models\04_acoustic_classifier\project\data\valve\id_06\normal\00000759.wav,normal
C:\Users\rayen\ias_hack_main\models\04_acoustic_classifier\project\data\valve\id_06\normal\00000581.wav,normal
C:\Users\rayen\ias_hack_main\models\04_acoustic_classifier\project\data\valve\id_06\normal\00000698.wav,normal
C:\Users\rayen\ias_hack_main\models\04_acoustic_classifier\project\data\valve\id_06\normal\00000896.wav,normal
C:\Users\rayen\ias_hack_main\models\04_acoustic_classifier\project\data\valve\id_06\normal\00000703.wav,normal
C:\Users\rayen\ias_hack_main\models\04_acoustic_classifier\project\data\valve\id_06\normal\00000224.wav,normal
C:\Users\rayen\ias_hack_main\models\04_acoustic_classifier\project\data\valve\id_06\normal\00000175.wav,normal
C:\Users\rayen\ias_hack_main\models\04_acoustic_classifier\project\data\valve\id_06\normal\00000575.wav,normal
C:\Users\rayen\ias_hack_main\models\04_acoustic_classifier\project\data\valve\id_06\normal\00000927.wav,normal
C:\Users\rayen\ias_hack_main\models\04_acoustic_classifier\project\data\valve\id_06\normal\00000384.wav,normal
C:\Users\rayen\ias_hack_main\models\04_acoustic_classifier\project\data\valve\id_06\normal\00000487.wav,normal
C:\Users\rayen\ias_hack_main\models\04_acoustic_classifier\project\data\valve\id_06\normal\00000127.wav,normal
C:\Users\rayen\ias_hack_main\models\04_acoustic_classifier\project\data\valve\id_06\normal\00000071.wav,normal
C:\Users\rayen\ias_hack_main\models\04_acoustic_classifier\project\data\valve\id_06\normal\00000269.wav,normal
C:\Users\rayen\ias_hack_main\models\04_acoustic_classifier\project\data\valve\id_06\normal\00000542.wav,normal
C:\Users\rayen\ias_hack_main\models\04_acoustic_classifier\project\data\valve\id_06\normal\00000778.wav,normal
C:\Users\rayen\ias_hack_main\models\04_acoustic_classifier\project\data\valve\id_06\normal\00000455.wav,normal
C:\Users\rayen\ias_hack_main\models\04_acoustic_classifier\project\data\valve\id_06\normal\00000003.wav,normal
C:\Users\rayen\ias_hack_main\models\04_acoustic_classifier\project\data\valve\id_06\normal\00000032.wav,normal
C:\Users\rayen\ias_hack_main\models\04_acoustic_classifier\project\data\valve\id_06\normal\00000908.wav,normal
C:\Users\rayen\ias_hack_main\models\04_acoustic_classifier\project\data\valve\id_06\normal\00000305.wav,normal
C:\Users\rayen\ias_hack_main\models\04_acoustic_classifier\project\data\valve\id_06\normal\00000647.wav,normal
C:\Users\rayen\ias_hack_main\models\04_acoustic_classifier\project\data\valve\id_06\normal\00000307.wav,normal
C:\Users\rayen\ias_hack_main\models\04_acoustic_classifier\project\data\valve\id_06\normal\00000310.wav,normal
C:\Users\rayen\ias_hack_main\models\04_acoustic_classifier\project\data\valve\id_06\normal\00000578.wav,normal
C:\Users\rayen\ias_hack_main\models\04_acoustic_classifier\project\data\valve\id_06\normal\00000251.wav,normal
C:\Users\rayen\ias_hack_main\models\04_acoustic_classifier\project\data\valve\id_06\normal\00000001.wav,normal
C:\Users\rayen\ias_hack_main\models\04_acoustic_classifier\project\data\valve\id_06\normal\00000141.wav,normal
C:\Users\rayen\ias_hack_main\models\04_acoustic_classifier\project\data\valve\id_06\normal\00000813.wav,normal
C:\Users\rayen\ias_hack_main\models\04_acoustic_classifier\project\data\valve\id_06\normal\00000247.wav,normal
C:\Users\rayen\ias_hack_main\models\04_acoustic_classifier\project\data\valve\id_06\normal\00000971.wav,normal
C:\Users\rayen\ias_hack_main\models\04_acoustic_classifier\project\data\valve\id_06\normal\00000730.wav,normal
C:\Users\rayen\ias_hack_main\models\04_acoustic_classifier\project\data\valve\id_06\normal\00000484.wav,normal
C:\Users\rayen\ias_hack_main\models\04_acoustic_classifier\project\data\valve\id_06\normal\00000402.wav,normal
C:\Users\rayen\ias_hack_main\models\04_acoustic_classifier\project\data\valve\id_06\normal\00000254.wav,normal
C:\Users\rayen\ias_hack_main\models\04_acoustic_classifier\project\data\valve\id_06\normal\00000911.wav,normal
C:\Users\rayen\ias_hack_main\models\04_acoustic_classifier\project\data\valve\id_06\normal\00000306.wav,normal
C:\Users\rayen\ias_hack_main\models\04_acoustic_classifier\project\data\valve\id_06\normal\00000073.wav,normal
C:\Users\rayen\ias_hack_main\models\04_acoustic_classifier\project\data\valve\id_06\normal\00000217.wav,normal
C:\Users\rayen\ias_hack_main\models\04_acoustic_classifier\project\data\valve\id_06\normal\00000544.wav,normal
C:\Users\rayen\ias_hack_main\models\04_acoustic_classifier\project\data\valve\id_06\normal\00000707.wav,normal
C:\Users\rayen\ias_hack_main\models\04_acoustic_classifier\project\data\valve\id_06\normal\00000374.wav,normal
C:\Users\rayen\ias_hack_main\models\04_acoustic_classifier\project\data\valve\id_06\normal\00000119.wav,normal
C:\Users\rayen\ias_hack_main\models\04_acoustic_classifier\project\data\valve\id_06\normal\00000148.wav,normal
C:\Users\rayen\ias_hack_main\models\04_acoustic_classifier\project\data\valve\id_06\normal\00000180.wav,normal
C:\Users\rayen\ias_hack_main\models\04_acoustic_classifier\project\data\valve\id_06\normal\00000865.wav,normal
C:\Users\rayen\ias_hack_main\models\04_acoustic_classifier\project\data\valve\id_06\normal\00000181.wav,normal
C:\Users\rayen\ias_hack_main\models\04_acoustic_classifier\project\data\valve\id_06\normal\00000343.wav,normal
C:\Users\rayen\ias_hack_main\models\04_acoustic_classifier\project\data\valve\id_06\normal\00000760.wav,normal
C:\Users\rayen\ias_hack_main\models\04_acoustic_classifier\project\data\valve\id_06\normal\00000207.wav,normal
C:\Users\rayen\ias_hack_main\models\04_acoustic_classifier\project\data\valve\id_06\normal\00000843.wav,normal
C:\Users\rayen\ias_hack_main\models\04_acoustic_classifier\project\data\valve\id_06\normal\00000610.wav,normal
C:\Users\rayen\ias_hack_main\models\04_acoustic_classifier\project\data\valve\id_06\normal\00000319.wav,normal
C:\Users\rayen\ias_hack_main\models\04_acoustic_classifier\project\data\valve\id_06\normal\00000842.wav,normal
C:\Users\rayen\ias_hack_main\models\04_acoustic_classifier\project\data\valve\id_06\normal\00000671.wav,normal
C:\Users\rayen\ias_hack_main\models\04_acoustic_classifier\project\data\valve\id_06\normal\00000686.wav,normal
C:\Users\rayen\ias_hack_main\models\04_acoustic_classifier\project\data\valve\id_06\normal\00000579.wav,normal
C:\Users\rayen\ias_hack_main\models\04_acoustic_classifier\project\data\valve\id_06\normal\00000475.wav,normal
C:\Users\rayen\ias_hack_main\models\04_acoustic_classifier\project\data\valve\id_06\normal\00000271.wav,normal
C:\Users\rayen\ias_hack_main\models\04_acoustic_classifier\project\data\valve\id_06\normal\00000396.wav,normal
C:\Users\rayen\ias_hack_main\models\04_acoustic_classifier\project\data\valve\id_06\normal\00000404.wav,normal
C:\Users\rayen\ias_hack_main\models\04_acoustic_classifier\project\data\valve\id_06\normal\00000981.wav,normal
C:\Users\rayen\ias_hack_main\models\04_acoustic_classifier\project\data\valve\id_06\normal\00000605.wav,normal
C:\Users\rayen\ias_hack_main\models\04_acoustic_classifier\project\data\valve\id_06\normal\00000465.wav,normal
C:\Users\rayen\ias_hack_main\models\04_acoustic_classifier\project\data\valve\id_06\normal\00000451.wav,normal
C:\Users\rayen\ias_hack_main\models\04_acoustic_classifier\project\data\valve\id_06\normal\00000087.wav,normal
C:\Users\rayen\ias_hack_main\models\04_acoustic_classifier\project\data\valve\id_06\normal\00000076.wav,normal
C:\Users\rayen\ias_hack_main\models\04_acoustic_classifier\project\data\valve\id_06\normal\00000633.wav,normal
C:\Users\rayen\ias_hack_main\models\04_acoustic_classifier\project\data\valve\id_06\normal\00000401.wav,normal
C:\Users\rayen\ias_hack_main\models\04_acoustic_classifier\project\data\valve\id_06\normal\00000062.wav,normal
C:\Users\rayen\ias_hack_main\models\04_acoustic_classifier\project\data\valve\id_06\normal\00000052.wav,normal
C:\Users\rayen\ias_hack_main\models\04_acoustic_classifier\project\data\valve\id_06\normal\00000731.wav,normal
C:\Users\rayen\ias_hack_main\models\04_acoustic_classifier\project\data\valve\id_06\normal\00000692.wav,normal
C:\Users\rayen\ias_hack_main\models\04_acoustic_classifier\project\data\valve\id_06\normal\00000684.wav,normal
C:\Users\rayen\ias_hack_main\models\04_acoustic_classifier\project\data\valve\id_06\normal\00000244.wav,normal
C:\Users\rayen\ias_hack_main\models\04_acoustic_classifier\project\data\valve\id_06\normal\00000638.wav,normal
C:\Users\rayen\ias_hack_main\models\04_acoustic_classifier\project\data\valve\id_06\normal\00000662.wav,normal
C:\Users\rayen\ias_hack_main\models\04_acoustic_classifier\project\data\valve\id_06\normal\00000249.wav,normal
C:\Users\rayen\ias_hack_main\models\04_acoustic_classifier\project\data\valve\id_06\normal\00000841.wav,normal
C:\Users\rayen\ias_hack_main\models\04_acoustic_classifier\project\data\valve\id_06\normal\00000723.wav,normal
C:\Users\rayen\ias_hack_main\models\04_acoustic_classifier\project\data\valve\id_06\normal\00000184.wav,normal
C:\Users\rayen\ias_hack_main\models\04_acoustic_classifier\project\data\valve\id_06\normal\00000505.wav,normal
C:\Users\rayen\ias_hack_main\models\04_acoustic_classifier\project\data\valve\id_06\normal\00000931.wav,normal
C:\Users\rayen\ias_hack_main\models\04_acoustic_classifier\project\data\valve\id_06\normal\00000545.wav,normal
C:\Users\rayen\ias_hack_main\models\04_acoustic_classifier\project\data\valve\id_06\normal\00000567.wav,normal
C:\Users\rayen\ias_hack_main\models\04_acoustic_classifier\project\data\valve\id_06\normal\00000613.wav,normal
C:\Users\rayen\ias_hack_main\models\04_acoustic_classifier\project\data\valve\id_06\normal\00000007.wav,normal
C:\Users\rayen\ias_hack_main\models\04_acoustic_classifier\project\data\valve\id_06\normal\00000183.wav,normal
C:\Users\rayen\ias_hack_main\models\04_acoustic_classifier\project\data\valve\id_06\normal\00000471.wav,normal
C:\Users\rayen\ias_hack_main\models\04_acoustic_classifier\project\data\valve\id_06\normal\00000701.wav,normal
C:\Users\rayen\ias_hack_main\models\04_acoustic_classifier\project\data\valve\id_06\normal\00000776.wav,normal
C:\Users\rayen\ias_hack_main\models\04_acoustic_classifier\project\data\valve\id_06\normal\00000473.wav,normal
C:\Users\rayen\ias_hack_main\models\04_acoustic_classifier\project\data\valve\id_06\normal\00000196.wav,normal
C:\Users\rayen\ias_hack_main\models\04_acoustic_classifier\project\data\valve\id_06\normal\00000770.wav,normal
C:\Users\rayen\ias_hack_main\models\04_acoustic_classifier\project\data\valve\id_06\normal\00000947.wav,normal
C:\Users\rayen\ias_hack_main\models\04_acoustic_classifier\project\data\valve\id_06\normal\00000414.wav,normal
C:\Users\rayen\ias_hack_main\models\04_acoustic_classifier\project\data\valve\id_06\normal\00000350.wav,normal
C:\Users\rayen\ias_hack_main\models\04_acoustic_classifier\project\data\valve\id_06\normal\00000159.wav,normal
C:\Users\rayen\ias_hack_main\models\04_acoustic_classifier\project\data\valve\id_06\normal\00000115.wav,normal
C:\Users\rayen\ias_hack_main\models\04_acoustic_classifier\project\data\valve\id_06\normal\00000771.wav,normal
C:\Users\rayen\ias_hack_main\models\04_acoustic_classifier\project\data\valve\id_06\normal\00000179.wav,normal
C:\Users\rayen\ias_hack_main\models\04_acoustic_classifier\project\data\valve\id_06\normal\00000580.wav,normal
C:\Users\rayen\ias_hack_main\models\04_acoustic_classifier\project\data\valve\id_06\normal\00000121.wav,normal
C:\Users\rayen\ias_hack_main\models\04_acoustic_classifier\project\data\valve\id_06\normal\00000851.wav,normal
C:\Users\rayen\ias_hack_main\models\04_acoustic_classifier\project\data\valve\id_06\normal\00000057.wav,normal
C:\Users\rayen\ias_hack_main\models\04_acoustic_classifier\project\data\valve\id_06\normal\00000142.wav,normal
C:\Users\rayen\ias_hack_main\models\04_acoustic_classifier\project\data\valve\id_06\normal\00000419.wav,normal
C:\Users\rayen\ias_hack_main\models\04_acoustic_classifier\project\data\valve\id_06\normal\00000659.wav,normal
C:\Users\rayen\ias_hack_main\models\04_acoustic_classifier\project\data\valve\id_06\normal\00000279.wav,normal
C:\Users\rayen\ias_hack_main\models\04_acoustic_classifier\project\data\valve\id_06\normal\00000834.wav,normal
C:\Users\rayen\ias_hack_main\models\04_acoustic_classifier\project\data\valve\id_06\normal\00000924.wav,normal
C:\Users\rayen\ias_hack_main\models\04_acoustic_classifier\project\data\valve\id_06\normal\00000840.wav,normal
C:\Users\rayen\ias_hack_main\models\04_acoustic_classifier\project\data\valve\id_06\normal\00000989.wav,normal
C:\Users\rayen\ias_hack_main\models\04_acoustic_classifier\project\data\valve\id_06\normal\00000714.wav,normal
C:\Users\rayen\ias_hack_main\models\04_acoustic_classifier\project\data\valve\id_06\normal\00000715.wav,normal
C:\Users\rayen\ias_hack_main\models\04_acoustic_classifier\project\data\valve\id_06\normal\00000149.wav,normal
C:\Users\rayen\ias_hack_main\models\04_acoustic_classifier\project\data\valve\id_06\normal\00000921.wav,normal
C:\Users\rayen\ias_hack_main\models\04_acoustic_classifier\project\data\valve\id_06\normal\00000210.wav,normal
C:\Users\rayen\ias_hack_main\models\04_acoustic_classifier\project\data\valve\id_06\normal\00000678.wav,normal
C:\Users\rayen\ias_hack_main\models\04_acoustic_classifier\project\data\valve\id_06\normal\00000850.wav,normal
C:\Users\rayen\ias_hack_main\models\04_acoustic_classifier\project\data\valve\id_06\normal\00000891.wav,normal
C:\Users\rayen\ias_hack_main\models\04_acoustic_classifier\project\data\valve\id_06\normal\00000160.wav,normal
C:\Users\rayen\ias_hack_main\models\04_acoustic_classifier\project\data\valve\id_06\normal\00000093.wav,normal
C:\Users\rayen\ias_hack_main\models\04_acoustic_classifier\project\data\valve\id_06\normal\00000898.wav,normal
C:\Users\rayen\ias_hack_main\models\04_acoustic_classifier\project\data\valve\id_06\normal\00000090.wav,normal
C:\Users\rayen\ias_hack_main\models\04_acoustic_classifier\project\data\valve\id_06\normal\00000445.wav,normal
C:\Users\rayen\ias_hack_main\models\04_acoustic_classifier\project\data\valve\id_06\normal\00000914.wav,normal
C:\Users\rayen\ias_hack_main\models\04_acoustic_classifier\project\data\valve\id_06\normal\00000275.wav,normal
C:\Users\rayen\ias_hack_main\models\04_acoustic_classifier\project\data\valve\id_06\normal\00000822.wav,normal
C:\Users\rayen\ias_hack_main\models\04_acoustic_classifier\project\data\valve\id_06\normal\00000265.wav,normal
C:\Users\rayen\ias_hack_main\models\04_acoustic_classifier\project\data\valve\id_06\normal\00000591.wav,normal
C:\Users\rayen\ias_hack_main\models\04_acoustic_classifier\project\data\valve\id_06\normal\00000098.wav,normal
C:\Users\rayen\ias_hack_main\models\04_acoustic_classifier\project\data\valve\id_06\normal\00000354.wav,normal
C:\Users\rayen\ias_hack_main\models\04_acoustic_classifier\project\data\valve\id_06\normal\00000549.wav,normal
C:\Users\rayen\ias_hack_main\models\04_acoustic_classifier\project\data\valve\id_06\normal\00000497.wav,normal
C:\Users\rayen\ias_hack_main\models\04_acoustic_classifier\project\data\valve\id_06\normal\00000435.wav,normal
C:\Users\rayen\ias_hack_main\models\04_acoustic_classifier\project\data\valve\id_06\normal\00000923.wav,normal
C:\Users\rayen\ias_hack_main\models\04_acoustic_classifier\project\data\valve\id_06\normal\00000099.wav,normal
C:\Users\rayen\ias_hack_main\models\04_acoustic_classifier\project\data\valve\id_06\normal\00000447.wav,normal
C:\Users\rayen\ias_hack_main\models\04_acoustic_classifier\project\data\valve\id_06\normal\00000009.wav,normal
C:\Users\rayen\ias_hack_main\models\04_acoustic_classifier\project\data\valve\id_06\normal\00000537.wav,normal
C:\Users\rayen\ias_hack_main\models\04_acoustic_classifier\project\data\valve\id_06\normal\00000583.wav,normal
C:\Users\rayen\ias_hack_main\models\04_acoustic_classifier\project\data\valve\id_06\normal\00000191.wav,normal
C:\Users\rayen\ias_hack_main\models\04_acoustic_classifier\project\data\valve\id_06\normal\00000198.wav,normal
C:\Users\rayen\ias_hack_main\models\04_acoustic_classifier\project\data\valve\id_06\normal\00000192.wav,normal
C:\Users\rayen\ias_hack_main\models\04_acoustic_classifier\project\data\valve\id_06\normal\00000588.wav,normal
C:\Users\rayen\ias_hack_main\models\04_acoustic_classifier\project\data\valve\id_06\normal\00000920.wav,normal
C:\Users\rayen\ias_hack_main\models\04_acoustic_classifier\project\data\valve\id_06\normal\00000500.wav,normal
C:\Users\rayen\ias_hack_main\models\04_acoustic_classifier\project\data\valve\id_06\normal\00000758.wav,normal
C:\Users\rayen\ias_hack_main\models\04_acoustic_classifier\project\data\valve\id_06\normal\00000729.wav,normal
C:\Users\rayen\ias_hack_main\models\04_acoustic_classifier\project\data\valve\id_06\normal\00000012.wav,normal
C:\Users\rayen\ias_hack_main\models\04_acoustic_classifier\project\data\valve\id_06\normal\00000058.wav,normal
C:\Users\rayen\ias_hack_main\models\04_acoustic_classifier\project\data\valve\id_06\normal\00000016.wav,normal
C:\Users\rayen\ias_hack_main\models\04_acoustic_classifier\project\data\valve\id_06\normal\00000681.wav,normal
C:\Users\rayen\ias_hack_main\models\04_acoustic_classifier\project\data\valve\id_06\normal\00000143.wav,normal
C:\Users\rayen\ias_hack_main\models\04_acoustic_classifier\project\data\valve\id_06\normal\00000351.wav,normal
C:\Users\rayen\ias_hack_main\models\04_acoustic_classifier\project\data\valve\id_06\normal\00000236.wav,normal
C:\Users\rayen\ias_hack_main\models\04_acoustic_classifier\project\data\valve\id_06\normal\00000393.wav,normal
C:\Users\rayen\ias_hack_main\models\04_acoustic_classifier\project\data\valve\id_06\normal\00000793.wav,normal
C:\Users\rayen\ias_hack_main\models\04_acoustic_classifier\project\data\valve\id_06\normal\00000315.wav,normal
C:\Users\rayen\ias_hack_main\models\04_acoustic_classifier\project\data\valve\id_06\normal\00000539.wav,normal
C:\Users\rayen\ias_hack_main\models\04_acoustic_classifier\project\data\valve\id_06\normal\00000096.wav,normal
C:\Users\rayen\ias_hack_main\models\04_acoustic_classifier\project\data\valve\id_06\normal\00000446.wav,normal
C:\Users\rayen\ias_hack_main\models\04_acoustic_classifier\project\data\valve\id_06\normal\00000440.wav,normal
C:\Users\rayen\ias_hack_main\models\04_acoustic_classifier\project\data\valve\id_06\normal\00000477.wav,normal
C:\Users\rayen\ias_hack_main\models\04_acoustic_classifier\project\data\valve\id_06\normal\00000982.wav,normal
C:\Users\rayen\ias_hack_main\models\04_acoustic_classifier\project\data\valve\id_06\normal\00000892.wav,normal
C:\Users\rayen\ias_hack_main\models\04_acoustic_classifier\project\data\valve\id_06\normal\00000118.wav,normal
C:\Users\rayen\ias_hack_main\models\04_acoustic_classifier\project\data\valve\id_06\normal\00000342.wav,normal
C:\Users\rayen\ias_hack_main\models\04_acoustic_classifier\project\data\valve\id_06\normal\00000978.wav,normal
C:\Users\rayen\ias_hack_main\models\04_acoustic_classifier\project\data\valve\id_06\normal\00000872.wav,normal
C:\Users\rayen\ias_hack_main\models\04_acoustic_classifier\project\data\valve\id_06\normal\00000221.wav,normal
C:\Users\rayen\ias_hack_main\models\04_acoustic_classifier\project\data\valve\id_06\normal\00000656.wav,normal
C:\Users\rayen\ias_hack_main\models\04_acoustic_classifier\project\data\valve\id_06\normal\00000651.wav,normal
C:\Users\rayen\ias_hack_main\models\04_acoustic_classifier\project\data\valve\id_06\normal\00000501.wav,normal
C:\Users\rayen\ias_hack_main\models\04_acoustic_classifier\project\data\valve\id_06\normal\00000256.wav,normal
C:\Users\rayen\ias_hack_main\models\04_acoustic_classifier\project\data\valve\id_06\normal\00000443.wav,normal
C:\Users\rayen\ias_hack_main\models\04_acoustic_classifier\project\data\valve\id_06\normal\00000726.wav,normal
C:\Users\rayen\ias_hack_main\models\04_acoustic_classifier\project\data\valve\id_06\normal\00000867.wav,normal
C:\Users\rayen\ias_hack_main\models\04_acoustic_classifier\project\data\valve\id_06\normal\00000576.wav,normal
C:\Users\rayen\ias_hack_main\models\04_acoustic_classifier\project\data\valve\id_06\normal\00000161.wav,normal
C:\Users\rayen\ias_hack_main\models\04_acoustic_classifier\project\data\valve\id_06\normal\00000386.wav,normal
C:\Users\rayen\ias_hack_main\models\04_acoustic_classifier\project\data\valve\id_06\normal\00000710.wav,normal
C:\Users\rayen\ias_hack_main\models\04_acoustic_classifier\project\data\valve\id_06\normal\00000622.wav,normal
C:\Users\rayen\ias_hack_main\models\04_acoustic_classifier\project\data\valve\id_06\normal\00000043.wav,normal
C:\Users\rayen\ias_hack_main\models\04_acoustic_classifier\project\data\valve\id_06\normal\00000190.wav,normal
C:\Users\rayen\ias_hack_main\models\04_acoustic_classifier\project\data\valve\id_06\normal\00000053.wav,normal
C:\Users\rayen\ias_hack_main\models\04_acoustic_classifier\project\data\valve\id_06\normal\00000034.wav,normal
C:\Users\rayen\ias_hack_main\models\04_acoustic_classifier\project\data\valve\id_06\normal\00000808.wav,normal
C:\Users\rayen\ias_hack_main\models\04_acoustic_classifier\project\data\valve\id_06\normal\00000361.wav,normal
C:\Users\rayen\ias_hack_main\models\04_acoustic_classifier\project\data\valve\id_06\normal\00000582.wav,normal
C:\Users\rayen\ias_hack_main\models\04_acoustic_classifier\project\data\valve\id_06\normal\00000070.wav,normal
C:\Users\rayen\ias_hack_main\models\04_acoustic_classifier\project\data\valve\id_06\normal\00000478.wav,normal
C:\Users\rayen\ias_hack_main\models\04_acoustic_classifier\project\data\valve\id_06\normal\00000094.wav,normal
C:\Users\rayen\ias_hack_main\models\04_acoustic_classifier\project\data\valve\id_06\normal\00000482.wav,normal
C:\Users\rayen\ias_hack_main\models\04_acoustic_classifier\project\data\valve\id_06\normal\00000406.wav,normal
C:\Users\rayen\ias_hack_main\models\04_acoustic_classifier\project\data\valve\id_06\normal\00000492.wav,normal
C:\Users\rayen\ias_hack_main\models\04_acoustic_classifier\project\data\valve\id_06\normal\00000288.wav,normal
C:\Users\rayen\ias_hack_main\models\04_acoustic_classifier\project\data\valve\id_06\normal\00000241.wav,normal
C:\Users\rayen\ias_hack_main\models\04_acoustic_classifier\project\data\valve\id_06\normal\00000856.wav,normal
C:\Users\rayen\ias_hack_main\models\04_acoustic_classifier\project\data\valve\id_06\normal\00000645.wav,normal
C:\Users\rayen\ias_hack_main\models\04_acoustic_classifier\project\data\valve\id_06\normal\00000353.wav,normal
C:\Users\rayen\ias_hack_main\models\04_acoustic_classifier\project\data\valve\id_06\normal\00000101.wav,normal
C:\Users\rayen\ias_hack_main\models\04_acoustic_classifier\project\data\valve\id_06\normal\00000366.wav,normal
C:\Users\rayen\ias_hack_main\models\04_acoustic_classifier\project\data\valve\id_06\normal\00000348.wav,normal
C:\Users\rayen\ias_hack_main\models\04_acoustic_classifier\project\data\valve\id_06\normal\00000302.wav,normal
C:\Users\rayen\ias_hack_main\models\04_acoustic_classifier\project\data\valve\id_06\normal\00000283.wav,normal
C:\Users\rayen\ias_hack_main\models\04_acoustic_classifier\project\data\valve\id_06\normal\00000340.wav,normal
C:\Users\rayen\ias_hack_main\models\04_acoustic_classifier\project\data\valve\id_06\normal\00000383.wav,normal
C:\Users\rayen\ias_hack_main\models\04_acoustic_classifier\project\data\valve\id_06\normal\00000278.wav,normal
C:\Users\rayen\ias_hack_main\models\04_acoustic_classifier\project\data\valve\id_06\normal\00000069.wav,normal
C:\Users\rayen\ias_hack_main\models\04_acoustic_classifier\project\data\valve\id_06\normal\00000074.wav,normal
C:\Users\rayen\ias_hack_main\models\04_acoustic_classifier\project\data\valve\id_06\normal\00000452.wav,normal
C:\Users\rayen\ias_hack_main\models\04_acoustic_classifier\project\data\valve\id_06\normal\00000197.wav,normal
C:\Users\rayen\ias_hack_main\models\04_acoustic_classifier\project\data\valve\id_06\normal\00000788.wav,normal
C:\Users\rayen\ias_hack_main\models\04_acoustic_classifier\project\data\valve\id_06\normal\00000054.wav,normal
C:\Users\rayen\ias_hack_main\models\04_acoustic_classifier\project\data\valve\id_06\normal\00000494.wav,normal
C:\Users\rayen\ias_hack_main\models\04_acoustic_classifier\project\data\valve\id_06\normal\00000000.wav,normal
C:\Users\rayen\ias_hack_main\models\04_acoustic_classifier\project\data\valve\id_06\normal\00000733.wav,normal
C:\Users\rayen\ias_hack_main\models\04_acoustic_classifier\project\data\valve\id_06\normal\00000864.wav,normal
C:\Users\rayen\ias_hack_main\models\04_acoustic_classifier\project\data\valve\id_06\normal\00000434.wav,normal
C:\Users\rayen\ias_hack_main\models\04_acoustic_classifier\project\data\valve\id_06\normal\00000535.wav,normal
C:\Users\rayen\ias_hack_main\models\04_acoustic_classifier\project\data\valve\id_06\normal\00000367.wav,normal
C:\Users\rayen\ias_hack_main\models\04_acoustic_classifier\project\data\valve\id_06\normal\00000696.wav,normal
C:\Users\rayen\ias_hack_main\models\04_acoustic_classifier\project\data\valve\id_06\normal\00000359.wav,normal
C:\Users\rayen\ias_hack_main\models\04_acoustic_classifier\project\data\valve\id_06\normal\00000109.wav,normal
C:\Users\rayen\ias_hack_main\models\04_acoustic_classifier\project\data\valve\id_06\normal\00000027.wav,normal
C:\Users\rayen\ias_hack_main\models\04_acoustic_classifier\project\data\valve\id_06\normal\00000252.wav,normal
C:\Users\rayen\ias_hack_main\models\04_acoustic_classifier\project\data\valve\id_06\normal\00000672.wav,normal
C:\Users\rayen\ias_hack_main\models\04_acoustic_classifier\project\data\valve\id_06\normal\00000986.wav,normal
C:\Users\rayen\ias_hack_main\models\04_acoustic_classifier\project\data\valve\id_06\normal\00000031.wav,normal
C:\Users\rayen\ias_hack_main\models\04_acoustic_classifier\project\data\valve\id_06\normal\00000592.wav,normal
C:\Users\rayen\ias_hack_main\models\04_acoustic_classifier\project\data\valve\id_06\normal\00000323.wav,normal
C:\Users\rayen\ias_hack_main\models\04_acoustic_classifier\project\data\valve\id_06\normal\00000336.wav,normal
C:\Users\rayen\ias_hack_main\models\04_acoustic_classifier\project\data\valve\id_06\normal\00000887.wav,normal
C:\Users\rayen\ias_hack_main\models\04_acoustic_classifier\project\data\valve\id_06\normal\00000779.wav,normal
C:\Users\rayen\ias_hack_main\models\04_acoustic_classifier\project\data\valve\id_06\normal\00000752.wav,normal
C:\Users\rayen\ias_hack_main\models\04_acoustic_classifier\project\data\valve\id_06\normal\00000085.wav,normal
C:\Users\rayen\ias_hack_main\models\04_acoustic_classifier\project\data\valve\id_06\normal\00000259.wav,normal
C:\Users\rayen\ias_hack_main\models\04_acoustic_classifier\project\data\valve\id_06\normal\00000201.wav,normal
C:\Users\rayen\ias_hack_main\models\04_acoustic_classifier\project\data\valve\id_06\normal\00000642.wav,normal
C:\Users\rayen\ias_hack_main\models\04_acoustic_classifier\project\data\valve\id_06\normal\00000541.wav,normal
C:\Users\rayen\ias_hack_main\models\04_acoustic_classifier\project\data\valve\id_06\normal\00000675.wav,normal
C:\Users\rayen\ias_hack_main\models\04_acoustic_classifier\project\data\valve\id_06\normal\00000894.wav,normal
C:\Users\rayen\ias_hack_main\models\04_acoustic_classifier\project\data\valve\id_06\normal\00000614.wav,normal
C:\Users\rayen\ias_hack_main\models\04_acoustic_classifier\project\data\valve\id_06\normal\00000721.wav,normal
C:\Users\rayen\ias_hack_main\models\04_acoustic_classifier\project\data\valve\id_06\normal\00000859.wav,normal
C:\Users\rayen\ias_hack_main\models\04_acoustic_classifier\project\data\valve\id_06\normal\00000797.wav,normal
C:\Users\rayen\ias_hack_main\models\04_acoustic_classifier\project\data\valve\id_06\normal\00000365.wav,normal
C:\Users\rayen\ias_hack_main\models\04_acoustic_classifier\project\data\valve\id_06\normal\00000204.wav,normal
C:\Users\rayen\ias_hack_main\models\04_acoustic_classifier\project\data\valve\id_06\normal\00000890.wav,normal
C:\Users\rayen\ias_hack_main\models\04_acoustic_classifier\project\data\valve\id_06\normal\00000347.wav,normal
C:\Users\rayen\ias_hack_main\models\04_acoustic_classifier\project\data\valve\id_06\normal\00000956.wav,normal
C:\Users\rayen\ias_hack_main\models\04_acoustic_classifier\project\data\valve\id_06\normal\00000889.wav,normal
C:\Users\rayen\ias_hack_main\models\04_acoustic_classifier\project\data\valve\id_06\normal\00000749.wav,normal
C:\Users\rayen\ias_hack_main\models\04_acoustic_classifier\project\data\valve\id_06\normal\00000963.wav,normal
C:\Users\rayen\ias_hack_main\models\04_acoustic_classifier\project\data\valve\id_06\normal\00000736.wav,normal
C:\Users\rayen\ias_hack_main\models\04_acoustic_classifier\project\data\valve\id_06\normal\00000024.wav,normal
C:\Users\rayen\ias_hack_main\models\04_acoustic_classifier\project\data\valve\id_06\normal\00000399.wav,normal
C:\Users\rayen\ias_hack_main\models\04_acoustic_classifier\project\data\valve\id_06\normal\00000820.wav,normal
C:\Users\rayen\ias_hack_main\models\04_acoustic_classifier\project\data\valve\id_06\normal\00000391.wav,normal
C:\Users\rayen\ias_hack_main\models\04_acoustic_classifier\project\data\valve\id_06\normal\00000741.wav,normal
C:\Users\rayen\ias_hack_main\models\04_acoustic_classifier\project\data\valve\id_06\normal\00000442.wav,normal
C:\Users\rayen\ias_hack_main\models\04_acoustic_classifier\project\data\valve\id_06\normal\00000839.wav,normal
C:\Users\rayen\ias_hack_main\models\04_acoustic_classifier\project\data\valve\id_06\normal\00000266.wav,normal
C:\Users\rayen\ias_hack_main\models\04_acoustic_classifier\project\data\valve\id_06\normal\00000925.wav,normal
C:\Users\rayen\ias_hack_main\models\04_acoustic_classifier\project\data\valve\id_06\normal\00000852.wav,normal
C:\Users\rayen\ias_hack_main\models\04_acoustic_classifier\project\data\valve\id_06\normal\00000882.wav,normal
C:\Users\rayen\ias_hack_main\models\04_acoustic_classifier\project\data\valve\id_06\normal\00000765.wav,normal
C:\Users\rayen\ias_hack_main\models\04_acoustic_classifier\project\data\valve\id_06\normal\00000411.wav,normal
C:\Users\rayen\ias_hack_main\models\04_acoustic_classifier\project\data\valve\id_06\normal\00000928.wav,normal
C:\Users\rayen\ias_hack_main\models\04_acoustic_classifier\project\data\valve\id_06\normal\00000140.wav,normal
C:\Users\rayen\ias_hack_main\models\04_acoustic_classifier\project\data\valve\id_06\normal\00000912.wav,normal
C:\Users\rayen\ias_hack_main\models\04_acoustic_classifier\project\data\valve\id_06\normal\00000972.wav,normal
C:\Users\rayen\ias_hack_main\models\04_acoustic_classifier\project\data\valve\id_06\normal\00000318.wav,normal
C:\Users\rayen\ias_hack_main\models\04_acoustic_classifier\project\data\valve\id_06\normal\00000879.wav,normal
C:\Users\rayen\ias_hack_main\models\04_acoustic_classifier\project\data\valve\id_06\normal\00000189.wav,normal
C:\Users\rayen\ias_hack_main\models\04_acoustic_classifier\project\data\valve\id_06\normal\00000453.wav,normal
C:\Users\rayen\ias_hack_main\models\04_acoustic_classifier\project\data\valve\id_06\normal\00000327.wav,normal
C:\Users\rayen\ias_hack_main\models\04_acoustic_classifier\project\data\valve\id_06\normal\00000874.wav,normal
C:\Users\rayen\ias_hack_main\models\04_acoustic_classifier\project\data\valve\id_06\normal\00000666.wav,normal
C:\Users\rayen\ias_hack_main\models\04_acoustic_classifier\project\data\valve\id_06\normal\00000649.wav,normal
C:\Users\rayen\ias_hack_main\models\04_acoustic_classifier\project\data\valve\id_06\normal\00000106.wav,normal
C:\Users\rayen\ias_hack_main\models\04_acoustic_classifier\project\data\valve\id_06\normal\00000764.wav,normal
C:\Users\rayen\ias_hack_main\models\04_acoustic_classifier\project\data\valve\id_06\normal\00000132.wav,normal
C:\Users\rayen\ias_hack_main\models\04_acoustic_classifier\project\data\valve\id_06\normal\00000910.wav,normal
C:\Users\rayen\ias_hack_main\models\04_acoustic_classifier\project\data\valve\id_06\normal\00000799.wav,normal
C:\Users\rayen\ias_hack_main\models\04_acoustic_classifier\project\data\valve\id_06\normal\00000439.wav,normal
C:\Users\rayen\ias_hack_main\models\04_acoustic_classifier\project\data\valve\id_06\normal\00000524.wav,normal
C:\Users\rayen\ias_hack_main\models\04_acoustic_classifier\project\data\valve\id_06\normal\00000157.wav,normal
C:\Users\rayen\ias_hack_main\models\04_acoustic_classifier\project\data\valve\id_06\normal\00000599.wav,normal
C:\Users\rayen\ias_hack_main\models\04_acoustic_classifier\project\data\valve\id_06\normal\00000712.wav,normal
C:\Users\rayen\ias_hack_main\models\04_acoustic_classifier\project\data\valve\id_06\normal\00000784.wav,normal
C:\Users\rayen\ias_hack_main\models\04_acoustic_classifier\project\data\valve\id_06\normal\00000510.wav,normal
C:\Users\rayen\ias_hack_main\models\04_acoustic_classifier\project\data\valve\id_06\normal\00000869.wav,normal
C:\Users\rayen\ias_hack_main\models\04_acoustic_classifier\project\data\valve\id_06\normal\00000046.wav,normal
C:\Users\rayen\ias_hack_main\models\04_acoustic_classifier\project\data\valve\id_06\normal\00000658.wav,normal
C:\Users\rayen\ias_hack_main\models\04_acoustic_classifier\project\data\valve\id_06\normal\00000111.wav,normal
C:\Users\rayen\ias_hack_main\models\04_acoustic_classifier\project\data\valve\id_06\normal\00000716.wav,normal
C:\Users\rayen\ias_hack_main\models\04_acoustic_classifier\project\data\valve\id_06\normal\00000796.wav,normal
C:\Users\rayen\ias_hack_main\models\04_acoustic_classifier\project\data\valve\id_06\normal\00000584.wav,normal
C:\Users\rayen\ias_hack_main\models\04_acoustic_classifier\project\data\valve\id_06\normal\00000125.wav,normal
C:\Users\rayen\ias_hack_main\models\04_acoustic_classifier\project\data\valve\id_06\normal\00000339.wav,normal
C:\Users\rayen\ias_hack_main\models\04_acoustic_classifier\project\data\valve\id_06\normal\00000048.wav,normal
C:\Users\rayen\ias_hack_main\models\04_acoustic_classifier\project\data\valve\id_06\normal\00000248.wav,normal
C:\Users\rayen\ias_hack_main\models\04_acoustic_classifier\project\data\valve\id_06\normal\00000398.wav,normal
C:\Users\rayen\ias_hack_main\models\04_acoustic_classifier\project\data\valve\id_06\normal\00000566.wav,normal
C:\Users\rayen\ias_hack_main\models\04_acoustic_classifier\project\data\valve\id_06\normal\00000352.wav,normal
C:\Users\rayen\ias_hack_main\models\04_acoustic_classifier\project\data\valve\id_06\normal\00000133.wav,normal
C:\Users\rayen\ias_hack_main\models\04_acoustic_classifier\project\data\valve\id_06\normal\00000801.wav,normal
C:\Users\rayen\ias_hack_main\models\04_acoustic_classifier\project\data\valve\id_06\normal\00000909.wav,normal
C:\Users\rayen\ias_hack_main\models\04_acoustic_classifier\project\data\valve\id_06\normal\00000086.wav,normal
C:\Users\rayen\ias_hack_main\models\04_acoustic_classifier\project\data\valve\id_06\normal\00000560.wav,normal
C:\Users\rayen\ias_hack_main\models\04_acoustic_classifier\project\data\valve\id_06\normal\00000153.wav,normal
C:\Users\rayen\ias_hack_main\models\04_acoustic_classifier\project\data\valve\id_06\normal\00000543.wav,normal
C:\Users\rayen\ias_hack_main\models\04_acoustic_classifier\project\data\valve\id_06\normal\00000376.wav,normal
C:\Users\rayen\ias_hack_main\models\04_acoustic_classifier\project\data\valve\id_06\normal\00000200.wav,normal
C:\Users\rayen\ias_hack_main\models\04_acoustic_classifier\project\data\valve\id_06\normal\00000488.wav,normal
C:\Users\rayen\ias_hack_main\models\04_acoustic_classifier\project\data\valve\id_06\normal\00000186.wav,normal
C:\Users\rayen\ias_hack_main\models\04_acoustic_classifier\project\data\valve\id_06\normal\00000720.wav,normal
C:\Users\rayen\ias_hack_main\models\04_acoustic_classifier\project\data\valve\id_06\normal\00000329.wav,normal
C:\Users\rayen\ias_hack_main\models\04_acoustic_classifier\project\data\valve\id_06\normal\00000688.wav,normal
C:\Users\rayen\ias_hack_main\models\04_acoustic_classifier\project\data\valve\id_06\normal\00000706.wav,normal
C:\Users\rayen\ias_hack_main\models\04_acoustic_classifier\project\data\valve\id_06\normal\00000991.wav,normal
C:\Users\rayen\ias_hack_main\models\04_acoustic_classifier\project\data\valve\id_06\normal\00000871.wav,normal
C:\Users\rayen\ias_hack_main\models\04_acoustic_classifier\project\data\valve\id_06\normal\00000037.wav,normal
C:\Users\rayen\ias_hack_main\models\04_acoustic_classifier\project\data\valve\id_06\normal\00000900.wav,normal
C:\Users\rayen\ias_hack_main\models\04_acoustic_classifier\project\data\valve\id_06\normal\00000683.wav,normal
C:\Users\rayen\ias_hack_main\models\04_acoustic_classifier\project\data\valve\id_06\normal\00000065.wav,normal
C:\Users\rayen\ias_hack_main\models\04_acoustic_classifier\project\data\valve\id_06\normal\00000267.wav,normal
C:\Users\rayen\ias_hack_main\models\04_acoustic_classifier\project\data\valve\id_06\normal\00000245.wav,normal
C:\Users\rayen\ias_hack_main\models\04_acoustic_classifier\project\data\valve\id_06\normal\00000618.wav,normal
C:\Users\rayen\ias_hack_main\models\04_acoustic_classifier\project\data\valve\id_06\normal\00000213.wav,normal
C:\Users\rayen\ias_hack_main\models\04_acoustic_classifier\project\data\valve\id_06\normal\00000950.wav,normal
C:\Users\rayen\ias_hack_main\models\04_acoustic_classifier\project\data\valve\id_06\normal\00000378.wav,normal
C:\Users\rayen\ias_hack_main\models\04_acoustic_classifier\project\data\valve\id_06\normal\00000095.wav,normal
C:\Users\rayen\ias_hack_main\models\04_acoustic_classifier\project\data\valve\id_06\normal\00000727.wav,normal
C:\Users\rayen\ias_hack_main\models\04_acoustic_classifier\project\data\valve\id_06\normal\00000389.wav,normal
C:\Users\rayen\ias_hack_main\models\04_acoustic_classifier\project\data\valve\id_06\normal\00000155.wav,normal
C:\Users\rayen\ias_hack_main\models\04_acoustic_classifier\project\data\valve\id_06\normal\00000970.wav,normal
C:\Users\rayen\ias_hack_main\models\04_acoustic_classifier\project\data\valve\id_06\normal\00000068.wav,normal
C:\Users\rayen\ias_hack_main\models\04_acoustic_classifier\project\data\valve\id_06\normal\00000602.wav,normal
C:\Users\rayen\ias_hack_main\models\04_acoustic_classifier\project\data\valve\id_06\normal\00000897.wav,normal
C:\Users\rayen\ias_hack_main\models\04_acoustic_classifier\project\data\valve\id_06\normal\00000704.wav,normal
C:\Users\rayen\ias_hack_main\models\04_acoustic_classifier\project\data\valve\id_06\normal\00000047.wav,normal
C:\Users\rayen\ias_hack_main\models\04_acoustic_classifier\project\data\valve\id_06\normal\00000182.wav,normal
C:\Users\rayen\ias_hack_main\models\04_acoustic_classifier\project\data\valve\id_06\normal\00000170.wav,normal
C:\Users\rayen\ias_hack_main\models\04_acoustic_classifier\project\data\valve\id_06\normal\00000734.wav,normal
C:\Users\rayen\ias_hack_main\models\04_acoustic_classifier\project\data\valve\id_06\normal\00000430.wav,normal
C:\Users\rayen\ias_hack_main\models\04_acoustic_classifier\project\data\valve\id_06\normal\00000951.wav,normal
C:\Users\rayen\ias_hack_main\models\04_acoustic_classifier\project\data\valve\id_06\normal\00000364.wav,normal
C:\Users\rayen\ias_hack_main\models\04_acoustic_classifier\project\data\valve\id_06\normal\00000385.wav,normal
C:\Users\rayen\ias_hack_main\models\04_acoustic_classifier\project\data\valve\id_06\normal\00000597.wav,normal
C:\Users\rayen\ias_hack_main\models\04_acoustic_classifier\project\data\valve\id_06\normal\00000511.wav,normal
C:\Users\rayen\ias_hack_main\models\04_acoustic_classifier\project\data\valve\id_06\normal\00000462.wav,normal
C:\Users\rayen\ias_hack_main\models\04_acoustic_classifier\project\data\valve\id_06\normal\00000563.wav,normal
C:\Users\rayen\ias_hack_main\models\04_acoustic_classifier\project\data\valve\id_06\normal\00000332.wav,normal
C:\Users\rayen\ias_hack_main\models\04_acoustic_classifier\project\data\valve\id_06\normal\00000286.wav,normal
C:\Users\rayen\ias_hack_main\models\04_acoustic_classifier\project\data\valve\id_06\normal\00000188.wav,normal
C:\Users\rayen\ias_hack_main\models\04_acoustic_classifier\project\data\valve\id_06\normal\00000886.wav,normal
C:\Users\rayen\ias_hack_main\models\04_acoustic_classifier\project\data\valve\id_06\normal\00000939.wav,normal
C:\Users\rayen\ias_hack_main\models\04_acoustic_classifier\project\data\valve\id_06\normal\00000264.wav,normal
C:\Users\rayen\ias_hack_main\models\04_acoustic_classifier\project\data\valve\id_06\normal\00000906.wav,normal
C:\Users\rayen\ias_hack_main\models\04_acoustic_classifier\project\data\valve\id_06\normal\00000630.wav,normal
C:\Users\rayen\ias_hack_main\models\04_acoustic_classifier\project\data\valve\id_06\normal\00000134.wav,normal
C:\Users\rayen\ias_hack_main\models\04_acoustic_classifier\project\data\valve\id_06\normal\00000357.wav,normal
C:\Users\rayen\ias_hack_main\models\04_acoustic_classifier\project\data\valve\id_06\normal\00000832.wav,normal
C:\Users\rayen\ias_hack_main\models\04_acoustic_classifier\project\data\valve\id_06\normal\00000454.wav,normal
C:\Users\rayen\ias_hack_main\models\04_acoustic_classifier\project\data\valve\id_06\normal\00000195.wav,normal
C:\Users\rayen\ias_hack_main\models\04_acoustic_classifier\project\data\valve\id_06\normal\00000077.wav,normal
C:\Users\rayen\ias_hack_main\models\04_acoustic_classifier\project\data\valve\id_06\normal\00000965.wav,normal
C:\Users\rayen\ias_hack_main\models\04_acoustic_classifier\project\data\valve\id_06\normal\00000474.wav,normal
C:\Users\rayen\ias_hack_main\models\04_acoustic_classifier\project\data\valve\id_06\normal\00000033.wav,normal
C:\Users\rayen\ias_hack_main\models\04_acoustic_classifier\project\data\valve\id_06\normal\00000564.wav,normal
C:\Users\rayen\ias_hack_main\models\04_acoustic_classifier\project\data\valve\id_06\normal\00000517.wav,normal
C:\Users\rayen\ias_hack_main\models\04_acoustic_classifier\project\data\valve\id_06\normal\00000572.wav,normal
C:\Users\rayen\ias_hack_main\models\04_acoustic_classifier\project\data\valve\id_06\normal\00000011.wav,normal
C:\Users\rayen\ias_hack_main\models\04_acoustic_classifier\project\data\valve\id_06\normal\00000748.wav,normal
C:\Users\rayen\ias_hack_main\models\04_acoustic_classifier\project\data\valve\id_06\normal\00000222.wav,normal
C:\Users\rayen\ias_hack_main\models\04_acoustic_classifier\project\data\valve\id_06\normal\00000835.wav,normal
C:\Users\rayen\ias_hack_main\models\04_acoustic_classifier\project\data\valve\id_06\normal\00000202.wav,normal
C:\Users\rayen\ias_hack_main\models\04_acoustic_classifier\project\data\valve\id_06\normal\00000881.wav,normal
C:\Users\rayen\ias_hack_main\models\04_acoustic_classifier\project\data\valve\id_06\normal\00000296.wav,normal
C:\Users\rayen\ias_hack_main\models\04_acoustic_classifier\project\data\valve\id_06\normal\00000528.wav,normal
C:\Users\rayen\ias_hack_main\models\04_acoustic_classifier\project\data\valve\id_06\normal\00000903.wav,normal
C:\Users\rayen\ias_hack_main\models\04_acoustic_classifier\project\data\valve\id_06\normal\00000636.wav,normal
C:\Users\rayen\ias_hack_main\models\04_acoustic_classifier\project\data\valve\id_06\normal\00000308.wav,normal
C:\Users\rayen\ias_hack_main\models\04_acoustic_classifier\project\data\valve\id_06\normal\00000312.wav,normal
C:\Users\rayen\ias_hack_main\models\04_acoustic_classifier\project\data\valve\id_06\normal\00000945.wav,normal
C:\Users\rayen\ias_hack_main\models\04_acoustic_classifier\project\data\valve\id_06\normal\00000476.wav,normal
C:\Users\rayen\ias_hack_main\models\04_acoustic_classifier\project\data\valve\id_06\normal\00000480.wav,normal
C:\Users\rayen\ias_hack_main\models\04_acoustic_classifier\project\data\valve\id_06\normal\00000695.wav,normal
C:\Users\rayen\ias_hack_main\models\04_acoustic_classifier\project\data\valve\id_06\normal\00000255.wav,normal
C:\Users\rayen\ias_hack_main\models\04_acoustic_classifier\project\data\valve\id_06\normal\00000100.wav,normal
C:\Users\rayen\ias_hack_main\models\04_acoustic_classifier\project\data\valve\id_06\normal\00000844.wav,normal
C:\Users\rayen\ias_hack_main\models\04_acoustic_classifier\project\data\valve\id_06\normal\00000021.wav,normal
C:\Users\rayen\ias_hack_main\models\04_acoustic_classifier\project\data\valve\id_06\normal\00000781.wav,normal
C:\Users\rayen\ias_hack_main\models\04_acoustic_classifier\project\data\valve\id_06\normal\00000165.wav,normal
C:\Users\rayen\ias_hack_main\models\04_acoustic_classifier\project\data\valve\id_06\normal\00000819.wav,normal
C:\Users\rayen\ias_hack_main\models\04_acoustic_classifier\project\data\valve\id_06\normal\00000067.wav,normal
C:\Users\rayen\ias_hack_main\models\04_acoustic_classifier\project\data\valve\id_06\normal\00000228.wav,normal
C:\Users\rayen\ias_hack_main\models\04_acoustic_classifier\project\data\valve\id_06\normal\00000166.wav,normal
C:\Users\rayen\ias_hack_main\models\04_acoustic_classifier\project\data\valve\id_06\normal\00000330.wav,normal
C:\Users\rayen\ias_hack_main\models\04_acoustic_classifier\project\data\valve\id_06\normal\00000185.wav,normal
C:\Users\rayen\ias_hack_main\models\04_acoustic_classifier\project\data\valve\id_06\normal\00000737.wav,normal
C:\Users\rayen\ias_hack_main\models\04_acoustic_classifier\project\data\valve\id_06\normal\00000258.wav,normal
C:\Users\rayen\ias_hack_main\models\04_acoustic_classifier\project\data\valve\id_06\normal\00000677.wav,normal
C:\Users\rayen\ias_hack_main\models\04_acoustic_classifier\project\data\valve\id_06\normal\00000973.wav,normal
C:\Users\rayen\ias_hack_main\models\04_acoustic_classifier\project\data\valve\id_06\normal\00000926.wav,normal
C:\Users\rayen\ias_hack_main\models\04_acoustic_classifier\project\data\valve\id_06\normal\00000966.wav,normal
C:\Users\rayen\ias_hack_main\models\04_acoustic_classifier\project\data\valve\id_06\normal\00000045.wav,normal
C:\Users\rayen\ias_hack_main\models\04_acoustic_classifier\project\data\valve\id_06\normal\00000746.wav,normal
C:\Users\rayen\ias_hack_main\models\04_acoustic_classifier\project\data\valve\id_06\normal\00000481.wav,normal
C:\Users\rayen\ias_hack_main\models\04_acoustic_classifier\project\data\valve\id_06\normal\00000697.wav,normal
C:\Users\rayen\ias_hack_main\models\04_acoustic_classifier\project\data\valve\id_06\normal\00000151.wav,normal
C:\Users\rayen\ias_hack_main\models\04_acoustic_classifier\project\data\valve\id_06\normal\00000080.wav,normal
C:\Users\rayen\ias_hack_main\models\04_acoustic_classifier\project\data\valve\id_06\normal\00000876.wav,normal
C:\Users\rayen\ias_hack_main\models\04_acoustic_classifier\project\data\valve\id_06\normal\00000417.wav,normal
C:\Users\rayen\ias_hack_main\models\04_acoustic_classifier\project\data\valve\id_06\normal\00000932.wav,normal
C:\Users\rayen\ias_hack_main\models\04_acoustic_classifier\project\data\valve\id_06\normal\00000907.wav,normal
C:\Users\rayen\ias_hack_main\models\04_acoustic_classifier\project\data\valve\id_06\normal\00000293.wav,normal
C:\Users\rayen\ias_hack_main\models\04_acoustic_classifier\project\data\valve\id_06\normal\00000766.wav,normal
C:\Users\rayen\ias_hack_main\models\04_acoustic_classifier\project\data\valve\id_06\normal\00000103.wav,normal
C:\Users\rayen\ias_hack_main\models\04_acoustic_classifier\project\data\valve\id_06\normal\00000097.wav,normal
C:\Users\rayen\ias_hack_main\models\04_acoustic_classifier\project\data\valve\id_06\normal\00000219.wav,normal
C:\Users\rayen\ias_hack_main\models\04_acoustic_classifier\project\data\valve\id_06\normal\00000504.wav,normal
C:\Users\rayen\ias_hack_main\models\04_acoustic_classifier\project\data\valve\id_06\normal\00000289.wav,normal
C:\Users\rayen\ias_hack_main\models\04_acoustic_classifier\project\data\valve\id_06\normal\00000223.wav,normal
C:\Users\rayen\ias_hack_main\models\04_acoustic_classifier\project\data\valve\id_06\normal\00000089.wav,normal
C:\Users\rayen\ias_hack_main\models\04_acoustic_classifier\project\data\valve\id_06\normal\00000444.wav,normal
C:\Users\rayen\ias_hack_main\models\04_acoustic_classifier\project\data\valve\id_06\normal\00000790.wav,normal
C:\Users\rayen\ias_hack_main\models\04_acoustic_classifier\project\data\valve\id_06\normal\00000657.wav,normal
C:\Users\rayen\ias_hack_main\models\04_acoustic_classifier\project\data\valve\id_06\normal\00000802.wav,normal
C:\Users\rayen\ias_hack_main\models\04_acoustic_classifier\project\data\valve\id_06\normal\00000281.wav,normal
C:\Users\rayen\ias_hack_main\models\04_acoustic_classifier\project\data\valve\id_06\normal\00000615.wav,normal
C:\Users\rayen\ias_hack_main\models\04_acoustic_classifier\project\data\valve\id_06\normal\00000413.wav,normal
C:\Users\rayen\ias_hack_main\models\04_acoustic_classifier\project\data\valve\id_06\normal\00000685.wav,normal
C:\Users\rayen\ias_hack_main\models\04_acoustic_classifier\project\data\valve\id_06\normal\00000827.wav,normal
C:\Users\rayen\ias_hack_main\models\04_acoustic_classifier\project\data\valve\id_06\normal\00000059.wav,normal
C:\Users\rayen\ias_hack_main\models\04_acoustic_classifier\project\data\valve\id_06\normal\00000761.wav,normal
C:\Users\rayen\ias_hack_main\models\04_acoustic_classifier\project\data\valve\id_06\normal\00000885.wav,normal
C:\Users\rayen\ias_hack_main\models\04_acoustic_classifier\project\data\valve\id_06\normal\00000049.wav,normal
C:\Users\rayen\ias_hack_main\models\04_acoustic_classifier\project\data\valve\id_06\normal\00000870.wav,normal
C:\Users\rayen\ias_hack_main\models\04_acoustic_classifier\project\data\valve\id_06\normal\00000145.wav,normal
C:\Users\rayen\ias_hack_main\models\04_acoustic_classifier\project\data\valve\id_06\normal\00000534.wav,normal
C:\Users\rayen\ias_hack_main\models\04_acoustic_classifier\project\data\valve\id_06\normal\00000415.wav,normal
C:\Users\rayen\ias_hack_main\models\04_acoustic_classifier\project\data\valve\id_06\normal\00000768.wav,normal
C:\Users\rayen\ias_hack_main\models\04_acoustic_classifier\project\data\valve\id_06\normal\00000006.wav,normal
C:\Users\rayen\ias_hack_main\models\04_acoustic_classifier\project\data\valve\id_06\normal\00000358.wav,normal
C:\Users\rayen\ias_hack_main\models\04_acoustic_classifier\project\data\valve\id_06\normal\00000326.wav,normal
C:\Users\rayen\ias_hack_main\models\04_acoustic_classifier\project\data\valve\id_06\normal\00000812.wav,normal
C:\Users\rayen\ias_hack_main\models\04_acoustic_classifier\project\data\valve\id_06\normal\00000314.wav,normal
C:\Users\rayen\ias_hack_main\models\04_acoustic_classifier\project\data\valve\id_06\normal\00000708.wav,normal
C:\Users\rayen\ias_hack_main\models\04_acoustic_classifier\project\data\valve\id_06\normal\00000739.wav,normal
C:\Users\rayen\ias_hack_main\models\04_acoustic_classifier\project\data\valve\id_06\normal\00000226.wav,normal
C:\Users\rayen\ias_hack_main\models\04_acoustic_classifier\project\data\valve\id_06\normal\00000262.wav,normal
C:\Users\rayen\ias_hack_main\models\04_acoustic_classifier\project\data\valve\id_06\normal\00000423.wav,normal
C:\Users\rayen\ias_hack_main\models\04_acoustic_classifier\project\data\valve\id_06\normal\00000104.wav,normal
C:\Users\rayen\ias_hack_main\models\04_acoustic_classifier\project\data\valve\id_06\normal\00000691.wav,normal
C:\Users\rayen\ias_hack_main\models\04_acoustic_classifier\project\data\valve\id_06\normal\00000918.wav,normal
C:\Users\rayen\ias_hack_main\models\04_acoustic_classifier\project\data\valve\id_06\normal\00000990.wav,normal
C:\Users\rayen\ias_hack_main\models\04_acoustic_classifier\project\data\valve\id_06\normal\00000495.wav,normal
C:\Users\rayen\ias_hack_main\models\04_acoustic_classifier\project\data\valve\id_06\normal\00000888.wav,normal
C:\Users\rayen\ias_hack_main\models\04_acoustic_classifier\project\data\valve\id_06\normal\00000392.wav,normal
C:\Users\rayen\ias_hack_main\models\04_acoustic_classifier\project\data\valve\id_06\normal\00000612.wav,normal
C:\Users\rayen\ias_hack_main\models\04_acoustic_classifier\project\data\valve\id_06\normal\00000640.wav,normal
C:\Users\rayen\ias_hack_main\models\04_acoustic_classifier\project\data\valve\id_06\normal\00000682.wav,normal
C:\Users\rayen\ias_hack_main\models\04_acoustic_classifier\project\data\valve\id_06\normal\00000525.wav,normal
C:\Users\rayen\ias_hack_main\models\04_acoustic_classifier\project\data\valve\id_06\normal\00000877.wav,normal
C:\Users\rayen\ias_hack_main\models\04_acoustic_classifier\project\data\valve\id_06\normal\00000242.wav,normal
C:\Users\rayen\ias_hack_main\models\04_acoustic_classifier\project\data\valve\id_06\normal\00000216.wav,normal
C:\Users\rayen\ias_hack_main\models\04_acoustic_classifier\project\data\valve\id_06\normal\00000777.wav,normal
C:\Users\rayen\ias_hack_main\models\04_acoustic_classifier\project\data\valve\id_06\normal\00000081.wav,normal
C:\Users\rayen\ias_hack_main\models\04_acoustic_classifier\project\data\valve\id_06\normal\00000570.wav,normal
C:\Users\rayen\ias_hack_main\models\04_acoustic_classifier\project\data\valve\id_06\normal\00000694.wav,normal
C:\Users\rayen\ias_hack_main\models\04_acoustic_classifier\project\data\valve\id_06\normal\00000664.wav,normal
C:\Users\rayen\ias_hack_main\models\04_acoustic_classifier\project\data\valve\id_06\normal\00000268.wav,normal
C:\Users\rayen\ias_hack_main\models\04_acoustic_classifier\project\data\valve\id_06\normal\00000464.wav,normal
C:\Users\rayen\ias_hack_main\models\04_acoustic_classifier\project\data\valve\id_06\normal\00000836.wav,normal
C:\Users\rayen\ias_hack_main\models\04_acoustic_classifier\project\data\valve\id_06\normal\00000273.wav,normal
C:\Users\rayen\ias_hack_main\models\04_acoustic_classifier\project\data\valve\id_06\normal\00000424.wav,normal
C:\Users\rayen\ias_hack_main\models\04_acoustic_classifier\project\data\valve\id_06\normal\00000438.wav,normal
C:\Users\rayen\ias_hack_main\models\04_acoustic_classifier\project\data\valve\id_06\normal\00000014.wav,normal
C:\Users\rayen\ias_hack_main\models\04_acoustic_classifier\project\data\valve\id_06\normal\00000816.wav,normal
C:\Users\rayen\ias_hack_main\models\04_acoustic_classifier\project\data\valve\id_06\normal\00000930.wav,normal
C:\Users\rayen\ias_hack_main\models\04_acoustic_classifier\project\data\valve\id_06\normal\00000807.wav,normal
C:\Users\rayen\ias_hack_main\models\04_acoustic_classifier\project\data\valve\id_06\normal\00000018.wav,normal
C:\Users\rayen\ias_hack_main\models\04_acoustic_classifier\project\data\valve\id_06\normal\00000234.wav,normal
C:\Users\rayen\ias_hack_main\models\04_acoustic_classifier\project\data\valve\id_06\normal\00000416.wav,normal
C:\Users\rayen\ias_hack_main\models\04_acoustic_classifier\project\data\valve\id_06\normal\00000486.wav,normal
C:\Users\rayen\ias_hack_main\models\04_acoustic_classifier\project\data\valve\id_06\normal\00000590.wav,normal
C:\Users\rayen\ias_hack_main\models\04_acoustic_classifier\project\data\valve\id_06\normal\00000368.wav,normal
C:\Users\rayen\ias_hack_main\models\04_acoustic_classifier\project\data\valve\id_06\normal\00000117.wav,normal
C:\Users\rayen\ias_hack_main\models\04_acoustic_classifier\project\data\valve\id_06\normal\00000450.wav,normal
C:\Users\rayen\ias_hack_main\models\04_acoustic_classifier\project\data\valve\id_06\normal\00000375.wav,normal
C:\Users\rayen\ias_hack_main\models\04_acoustic_classifier\project\data\valve\id_06\normal\00000020.wav,normal
C:\Users\rayen\ias_hack_main\models\04_acoustic_classifier\project\data\valve\id_06\normal\00000372.wav,normal
C:\Users\rayen\ias_hack_main\models\04_acoustic_classifier\project\data\valve\id_06\normal\00000948.wav,normal
C:\Users\rayen\ias_hack_main\models\04_acoustic_classifier\project\data\valve\id_06\normal\00000174.wav,normal
C:\Users\rayen\ias_hack_main\models\04_acoustic_classifier\project\data\valve\id_06\normal\00000980.wav,normal
C:\Users\rayen\ias_hack_main\models\04_acoustic_classifier\project\data\valve\id_06\normal\00000146.wav,normal
C:\Users\rayen\ias_hack_main\models\04_acoustic_classifier\project\data\valve\id_06\normal\00000968.wav,normal
C:\Users\rayen\ias_hack_main\models\04_acoustic_classifier\project\data\valve\id_06\normal\00000620.wav,normal
C:\Users\rayen\ias_hack_main\models\04_acoustic_classifier\project\data\valve\id_06\normal\00000168.wav,normal
C:\Users\rayen\ias_hack_main\models\04_acoustic_classifier\project\data\valve\id_06\normal\00000112.wav,normal
C:\Users\rayen\ias_hack_main\models\04_acoustic_classifier\project\data\valve\id_06\normal\00000287.wav,normal
C:\Users\rayen\ias_hack_main\models\04_acoustic_classifier\project\data\valve\id_06\normal\00000976.wav,normal
C:\Users\rayen\ias_hack_main\models\04_acoustic_classifier\project\data\valve\id_06\normal\00000331.wav,normal
C:\Users\rayen\ias_hack_main\models\04_acoustic_classifier\project\data\valve\id_06\normal\00000113.wav,normal
C:\Users\rayen\ias_hack_main\models\04_acoustic_classifier\project\data\valve\id_06\normal\00000408.wav,normal
C:\Users\rayen\ias_hack_main\models\04_acoustic_classifier\project\data\valve\id_06\normal\00000934.wav,normal
C:\Users\rayen\ias_hack_main\models\04_acoustic_classifier\project\data\valve\id_06\normal\00000025.wav,normal
C:\Users\rayen\ias_hack_main\models\04_acoustic_classifier\project\data\valve\id_06\normal\00000641.wav,normal
C:\Users\rayen\ias_hack_main\models\04_acoustic_classifier\project\data\valve\id_06\normal\00000507.wav,normal
C:\Users\rayen\ias_hack_main\models\04_acoustic_classifier\project\data\valve\id_06\normal\00000214.wav,normal
C:\Users\rayen\ias_hack_main\models\04_acoustic_classifier\project\data\valve\id_06\normal\00000130.wav,normal
C:\Users\rayen\ias_hack_main\models\04_acoustic_classifier\project\data\valve\id_06\normal\00000742.wav,normal
C:\Users\rayen\ias_hack_main\models\04_acoustic_classifier\project\data\valve\id_06\normal\00000860.wav,normal
C:\Users\rayen\ias_hack_main\models\04_acoustic_classifier\project\data\valve\id_06\normal\00000355.wav,normal
C:\Users\rayen\ias_hack_main\models\04_acoustic_classifier\project\data\valve\id_06\normal\00000717.wav,normal
C:\Users\rayen\ias_hack_main\models\04_acoustic_classifier\project\data\valve\id_06\normal\00000405.wav,normal
C:\Users\rayen\ias_hack_main\models\04_acoustic_classifier\project\data\valve\id_06\normal\00000558.wav,normal
C:\Users\rayen\ias_hack_main\models\04_acoustic_classifier\project\data\valve\id_06\normal\00000390.wav,normal
C:\Users\rayen\ias_hack_main\models\04_acoustic_classifier\project\data\valve\id_06\normal\00000005.wav,normal
C:\Users\rayen\ias_hack_main\models\04_acoustic_classifier\project\data\valve\id_06\normal\00000520.wav,normal
C:\Users\rayen\ias_hack_main\models\04_acoustic_classifier\project\data\valve\id_06\normal\00000508.wav,normal
C:\Users\rayen\ias_hack_main\models\04_acoustic_classifier\project\data\valve\id_06\normal\00000880.wav,normal
C:\Users\rayen\ias_hack_main\models\04_acoustic_classifier\project\data\valve\id_06\normal\00000689.wav,normal
C:\Users\rayen\ias_hack_main\models\04_acoustic_classifier\project\data\valve\id_06\normal\00000457.wav,normal
C:\Users\rayen\ias_hack_main\models\04_acoustic_classifier\project\data\valve\id_06\normal\00000078.wav,normal
C:\Users\rayen\ias_hack_main\models\04_acoustic_classifier\project\data\valve\id_06\normal\00000550.wav,normal
C:\Users\rayen\ias_hack_main\models\04_acoustic_classifier\project\data\valve\id_06\normal\00000324.wav,normal
C:\Users\rayen\ias_hack_main\models\04_acoustic_classifier\project\data\valve\id_06\normal\00000862.wav,normal
C:\Users\rayen\ias_hack_main\models\04_acoustic_classifier\project\data\valve\id_06\normal\00000617.wav,normal
C:\Users\rayen\ias_hack_main\models\04_acoustic_classifier\project\data\valve\id_06\normal\00000585.wav,normal
C:\Users\rayen\ias_hack_main\models\04_acoustic_classifier\project\data\valve\id_06\normal\00000789.wav,normal
C:\Users\rayen\ias_hack_main\models\04_acoustic_classifier\project\data\valve\id_06\normal\00000916.wav,normal
C:\Users\rayen\ias_hack_main\models\04_acoustic_classifier\project\data\valve\id_06\normal\00000303.wav,normal
C:\Users\rayen\ias_hack_main\models\04_acoustic_classifier\project\data\valve\id_06\normal\00000805.wav,normal
C:\Users\rayen\ias_hack_main\models\04_acoustic_classifier\project\data\valve\id_06\normal\00000627.wav,normal
C:\Users\rayen\ias_hack_main\models\04_acoustic_classifier\project\data\valve\id_06\normal\00000653.wav,normal
C:\Users\rayen\ias_hack_main\models\04_acoustic_classifier\project\data\valve\id_06\normal\00000755.wav,normal
C:\Users\rayen\ias_hack_main\models\04_acoustic_classifier\project\data\valve\id_06\normal\00000660.wav,normal
C:\Users\rayen\ias_hack_main\models\04_acoustic_classifier\project\data\valve\id_06\normal\00000782.wav,normal
C:\Users\rayen\ias_hack_main\models\04_acoustic_classifier\project\data\valve\id_06\normal\00000017.wav,normal
C:\Users\rayen\ias_hack_main\models\04_acoustic_classifier\project\data\valve\id_06\normal\00000013.wav,normal
C:\Users\rayen\ias_hack_main\models\04_acoustic_classifier\project\data\valve\id_06\normal\00000595.wav,normal
C:\Users\rayen\ias_hack_main\models\04_acoustic_classifier\project\data\valve\id_06\normal\00000828.wav,normal
C:\Users\rayen\ias_hack_main\models\04_acoustic_classifier\project\data\valve\id_06\normal\00000282.wav,normal
C:\Users\rayen\ias_hack_main\models\04_acoustic_classifier\project\data\valve\id_06\normal\00000875.wav,normal
C:\Users\rayen\ias_hack_main\models\04_acoustic_classifier\project\data\valve\id_06\normal\00000173.wav,normal
C:\Users\rayen\ias_hack_main\models\04_acoustic_classifier\project\data\valve\id_06\normal\00000152.wav,normal
C:\Users\rayen\ias_hack_main\models\04_acoustic_classifier\project\data\valve\id_06\normal\00000208.wav,normal
C:\Users\rayen\ias_hack_main\models\04_acoustic_classifier\project\data\valve\id_06\normal\00000316.wav,normal
C:\Users\rayen\ias_hack_main\models\04_acoustic_classifier\project\data\valve\id_06\normal\00000680.wav,normal
C:\Users\rayen\ias_hack_main\models\04_acoustic_classifier\project\data\valve\id_06\normal\00000082.wav,normal
C:\Users\rayen\ias_hack_main\models\04_acoustic_classifier\project\data\valve\id_06\normal\00000949.wav,normal
C:\Users\rayen\ias_hack_main\models\04_acoustic_classifier\project\data\valve\id_06\normal\00000547.wav,normal
C:\Users\rayen\ias_hack_main\models\04_acoustic_classifier\project\data\valve\id_06\normal\00000829.wav,normal
C:\Users\rayen\ias_hack_main\models\04_acoustic_classifier\project\data\valve\id_06\normal\00000479.wav,normal
C:\Users\rayen\ias_hack_main\models\04_acoustic_classifier\project\data\valve\id_06\normal\00000243.wav,normal
C:\Users\rayen\ias_hack_main\models\04_acoustic_classifier\project\data\valve\id_06\normal\00000083.wav,normal
C:\Users\rayen\ias_hack_main\models\04_acoustic_classifier\project\data\valve\id_06\normal\00000552.wav,normal
C:\Users\rayen\ias_hack_main\models\04_acoustic_classifier\project\data\valve\id_06\normal\00000625.wav,normal
C:\Users\rayen\ias_hack_main\models\04_acoustic_classifier\project\data\valve\id_06\normal\00000317.wav,normal
C:\Users\rayen\ias_hack_main\models\04_acoustic_classifier\project\data\valve\id_06\normal\00000533.wav,normal
C:\Users\rayen\ias_hack_main\models\04_acoustic_classifier\project\data\valve\id_06\normal\00000369.wav,normal
C:\Users\rayen\ias_hack_main\models\04_acoustic_classifier\project\data\valve\id_06\normal\00000346.wav,normal
C:\Users\rayen\ias_hack_main\models\04_acoustic_classifier\project\data\valve\id_06\normal\00000809.wav,normal
C:\Users\rayen\ias_hack_main\models\04_acoustic_classifier\project\data\valve\id_06\normal\00000634.wav,normal
C:\Users\rayen\ias_hack_main\models\04_acoustic_classifier\project\data\valve\id_06\normal\00000751.wav,normal
C:\Users\rayen\ias_hack_main\models\04_acoustic_classifier\project\data\valve\id_06\normal\00000753.wav,normal
C:\Users\rayen\ias_hack_main\models\04_acoustic_classifier\project\data\valve\id_06\normal\00000648.wav,normal
C:\Users\rayen\ias_hack_main\models\04_acoustic_classifier\project\data\valve\id_06\normal\00000162.wav,normal
C:\Users\rayen\ias_hack_main\models\04_acoustic_classifier\project\data\valve\id_06\normal\00000502.wav,normal
C:\Users\rayen\ias_hack_main\models\04_acoustic_classifier\project\data\valve\id_06\normal\00000526.wav,normal
C:\Users\rayen\ias_hack_main\models\04_acoustic_classifier\project\data\valve\id_06\normal\00000943.wav,normal
C:\Users\rayen\ias_hack_main\models\04_acoustic_classifier\project\data\valve\id_06\normal\00000263.wav,normal
C:\Users\rayen\ias_hack_main\models\04_acoustic_classifier\project\data\valve\id_06\normal\00000270.wav,normal
C:\Users\rayen\ias_hack_main\models\04_acoustic_classifier\project\data\valve\id_06\normal\00000527.wav,normal
C:\Users\rayen\ias_hack_main\models\04_acoustic_classifier\project\data\valve\id_06\normal\00000467.wav,normal
C:\Users\rayen\ias_hack_main\models\04_acoustic_classifier\project\data\valve\id_06\normal\00000335.wav,normal
C:\Users\rayen\ias_hack_main\models\04_acoustic_classifier\project\data\valve\id_06\normal\00000546.wav,normal
C:\Users\rayen\ias_hack_main\models\04_acoustic_classifier\project\data\valve\id_06\normal\00000740.wav,normal
C:\Users\rayen\ias_hack_main\models\04_acoustic_classifier\project\data\valve\id_06\normal\00000838.wav,normal
C:\Users\rayen\ias_hack_main\models\04_acoustic_classifier\project\data\valve\id_06\normal\00000042.wav,normal
C:\Users\rayen\ias_hack_main\models\04_acoustic_classifier\project\data\valve\id_06\normal\00000596.wav,normal
C:\Users\rayen\ias_hack_main\models\04_acoustic_classifier\project\data\valve\id_06\normal\00000325.wav,normal
C:\Users\rayen\ias_hack_main\models\04_acoustic_classifier\project\data\valve\id_06\normal\00000274.wav,normal
C:\Users\rayen\ias_hack_main\models\04_acoustic_classifier\project\data\valve\id_06\normal\00000929.wav,normal
C:\Users\rayen\ias_hack_main\models\04_acoustic_classifier\project\data\valve\id_06\normal\00000573.wav,normal
C:\Users\rayen\ias_hack_main\models\04_acoustic_classifier\project\data\valve\id_06\normal\00000944.wav,normal
C:\Users\rayen\ias_hack_main\models\04_acoustic_classifier\project\data\valve\id_06\normal\00000026.wav,normal
C:\Users\rayen\ias_hack_main\models\04_acoustic_classifier\project\data\valve\id_06\normal\00000798.wav,normal
C:\Users\rayen\ias_hack_main\models\04_acoustic_classifier\project\data\valve\id_06\normal\00000814.wav,normal
C:\Users\rayen\ias_hack_main\models\04_acoustic_classifier\project\data\valve\id_06\normal\00000490.wav,normal
C:\Users\rayen\ias_hack_main\models\04_acoustic_classifier\project\data\valve\id_06\normal\00000577.wav,normal
C:\Users\rayen\ias_hack_main\models\04_acoustic_classifier\project\data\valve\id_06\normal\00000110.wav,normal
C:\Users\rayen\ias_hack_main\models\04_acoustic_classifier\project\data\valve\id_06\normal\00000559.wav,normal
C:\Users\rayen\ias_hack_main\models\04_acoustic_classifier\project\data\valve\id_06\normal\00000030.wav,normal
C:\Users\rayen\ias_hack_main\models\04_acoustic_classifier\project\data\valve\id_06\normal\00000285.wav,normal
C:\Users\rayen\ias_hack_main\models\04_acoustic_classifier\project\data\valve\id_06\normal\00000690.wav,normal
C:\Users\rayen\ias_hack_main\models\04_acoustic_classifier\project\data\valve\id_06\normal\00000773.wav,normal
C:\Users\rayen\ias_hack_main\models\04_acoustic_classifier\project\data\valve\id_06\normal\00000954.wav,normal
C:\Users\rayen\ias_hack_main\models\04_acoustic_classifier\project\data\valve\id_06\normal\00000380.wav,normal
C:\Users\rayen\ias_hack_main\models\04_acoustic_classifier\project\data\valve\id_06\normal\00000700.wav,normal
C:\Users\rayen\ias_hack_main\models\04_acoustic_classifier\project\data\valve\id_06\normal\00000652.wav,normal
C:\Users\rayen\ias_hack_main\models\04_acoustic_classifier\project\data\valve\id_06\normal\00000643.wav,normal
C:\Users\rayen\ias_hack_main\models\04_acoustic_classifier\project\data\valve\id_06\normal\00000066.wav,normal
C:\Users\rayen\ias_hack_main\models\04_acoustic_classifier\project\data\valve\id_06\normal\00000297.wav,normal
C:\Users\rayen\ias_hack_main\models\04_acoustic_classifier\project\data\valve\id_06\normal\00000506.wav,normal
C:\Users\rayen\ias_hack_main\models\04_acoustic_classifier\project\data\valve\id_06\normal\00000010.wav,normal
C:\Users\rayen\ias_hack_main\models\04_acoustic_classifier\project\data\valve\id_06\normal\00000901.wav,normal
C:\Users\rayen\ias_hack_main\models\04_acoustic_classifier\project\data\valve\id_06\normal\00000952.wav,normal
C:\Users\rayen\ias_hack_main\models\04_acoustic_classifier\project\data\valve\id_06\normal\00000394.wav,normal
C:\Users\rayen\ias_hack_main\models\04_acoustic_classifier\project\data\valve\id_06\normal\00000785.wav,normal
C:\Users\rayen\ias_hack_main\models\04_acoustic_classifier\project\data\valve\id_06\normal\00000665.wav,normal
C:\Users\rayen\ias_hack_main\models\04_acoustic_classifier\project\data\valve\id_06\normal\00000304.wav,normal
C:\Users\rayen\ias_hack_main\models\04_acoustic_classifier\project\data\valve\id_06\normal\00000015.wav,normal
C:\Users\rayen\ias_hack_main\models\04_acoustic_classifier\project\data\valve\id_06\normal\00000833.wav,normal
C:\Users\rayen\ias_hack_main\models\04_acoustic_classifier\project\data\valve\id_06\normal\00000371.wav,normal
C:\Users\rayen\ias_hack_main\models\04_acoustic_classifier\project\data\valve\id_06\normal\00000428.wav,normal
C:\Users\rayen\ias_hack_main\models\04_acoustic_classifier\project\data\valve\id_06\normal\00000955.wav,normal
C:\Users\rayen\ias_hack_main\models\04_acoustic_classifier\project\data\valve\id_06\normal\00000193.wav,normal
C:\Users\rayen\ias_hack_main\models\04_acoustic_classifier\project\data\valve\id_06\normal\00000957.wav,normal
C:\Users\rayen\ias_hack_main\models\04_acoustic_classifier\project\data\valve\id_06\normal\00000114.wav,normal
C:\Users\rayen\ias_hack_main\models\04_acoustic_classifier\project\data\valve\id_06\normal\00000745.wav,normal
C:\Users\rayen\ias_hack_main\models\04_acoustic_classifier\project\data\valve\id_06\normal\00000611.wav,normal
C:\Users\rayen\ias_hack_main\models\04_acoustic_classifier\project\data\valve\id_06\normal\00000291.wav,normal
C:\Users\rayen\ias_hack_main\models\04_acoustic_classifier\project\data\valve\id_06\normal\00000128.wav,normal
C:\Users\rayen\ias_hack_main\models\04_acoustic_classifier\project\data\valve\id_06\normal\00000619.wav,normal
C:\Users\rayen\ias_hack_main\models\04_acoustic_classifier\project\data\valve\id_06\normal\00000938.wav,normal
C:\Users\rayen\ias_hack_main\models\04_acoustic_classifier\project\data\valve\id_06\normal\00000895.wav,normal
C:\Users\rayen\ias_hack_main\models\04_acoustic_classifier\project\data\valve\id_06\normal\00000606.wav,normal
C:\Users\rayen\ias_hack_main\models\04_acoustic_classifier\project\data\valve\id_06\normal\00000136.wav,normal
C:\Users\rayen\ias_hack_main\models\04_acoustic_classifier\project\data\valve\id_06\normal\00000670.wav,normal
C:\Users\rayen\ias_hack_main\models\04_acoustic_classifier\project\data\valve\id_06\normal\00000349.wav,normal
C:\Users\rayen\ias_hack_main\models\04_acoustic_classifier\project\data\valve\id_06\normal\00000460.wav,normal
C:\Users\rayen\ias_hack_main\models\04_acoustic_classifier\project\data\valve\id_06\normal\00000036.wav,normal
C:\Users\rayen\ias_hack_main\models\04_acoustic_classifier\project\data\valve\id_06\normal\00000381.wav,normal
C:\Users\rayen\ias_hack_main\models\04_acoustic_classifier\project\data\valve\id_06\normal\00000205.wav,normal
C:\Users\rayen\ias_hack_main\models\04_acoustic_classifier\project\data\valve\id_06\normal\00000936.wav,normal
C:\Users\rayen\ias_hack_main\models\04_acoustic_classifier\project\data\valve\id_06\normal\00000514.wav,normal
C:\Users\rayen\ias_hack_main\models\04_acoustic_classifier\project\data\valve\id_06\normal\00000902.wav,normal
C:\Users\rayen\ias_hack_main\models\04_acoustic_classifier\project\data\valve\id_06\normal\00000051.wav,normal
C:\Users\rayen\ias_hack_main\models\04_acoustic_classifier\project\data\valve\id_06\normal\00000420.wav,normal
C:\Users\rayen\ias_hack_main\models\04_acoustic_classifier\project\data\valve\id_06\normal\00000230.wav,normal
C:\Users\rayen\ias_hack_main\models\04_acoustic_classifier\project\data\valve\id_06\normal\00000516.wav,normal
C:\Users\rayen\ias_hack_main\models\04_acoustic_classifier\project\data\valve\id_06\normal\00000458.wav,normal
C:\Users\rayen\ias_hack_main\models\04_acoustic_classifier\project\data\valve\id_06\normal\00000044.wav,normal
C:\Users\rayen\ias_hack_main\models\04_acoustic_classifier\project\data\valve\id_06\normal\00000035.wav,normal
C:\Users\rayen\ias_hack_main\models\04_acoustic_classifier\project\data\valve\id_06\normal\00000853.wav,normal
C:\Users\rayen\ias_hack_main\models\04_acoustic_classifier\project\data\valve\id_06\normal\00000763.wav,normal
C:\Users\rayen\ias_hack_main\models\04_acoustic_classifier\project\data\valve\id_06\normal\00000565.wav,normal
C:\Users\rayen\ias_hack_main\models\04_acoustic_classifier\project\data\valve\id_06\normal\00000002.wav,normal
C:\Users\rayen\ias_hack_main\models\04_acoustic_classifier\project\data\valve\id_06\normal\00000433.wav,normal
C:\Users\rayen\ias_hack_main\models\04_acoustic_classifier\project\data\valve\id_06\normal\00000513.wav,normal
C:\Users\rayen\ias_hack_main\models\04_acoustic_classifier\project\data\valve\id_06\normal\00000769.wav,normal
C:\Users\rayen\ias_hack_main\models\04_acoustic_classifier\project\data\valve\id_06\normal\00000169.wav,normal
C:\Users\rayen\ias_hack_main\models\04_acoustic_classifier\project\data\valve\id_06\normal\00000608.wav,normal
C:\Users\rayen\ias_hack_main\models\04_acoustic_classifier\project\data\valve\id_06\normal\00000679.wav,normal
C:\Users\rayen\ias_hack_main\models\04_acoustic_classifier\project\data\valve\id_06\normal\00000960.wav,normal
C:\Users\rayen\ias_hack_main\models\04_acoustic_classifier\project\data\valve\id_06\normal\00000240.wav,normal
C:\Users\rayen\ias_hack_main\models\04_acoustic_classifier\project\data\valve\id_06\normal\00000321.wav,normal
